,dataset,modalities,epochs,wp,wf,gnn_nheads,hidden_size,drop_rate,train_losses,dev_f1s,test_f1s
0,iemocap_4,atv,50,4,4,2,128,0.1,"[5.235593795776367, 4.308116674423218, 3.511134684085846, 2.923680067062378, 2.588120460510254, 2.376088708639145, 2.0921958684921265, 1.827613353729248, 1.6799314320087433, 1.3832222521305084, 1.3238977789878845, 1.1120619922876358, 1.0239654779434204, 0.8772975653409958, 0.807470053434372, 0.8649590313434601, 0.729250892996788, 0.6913922131061554, 0.6451892554759979, 0.558889351785183, 0.5660398006439209, 0.5067318305373192, 0.32584404945373535, 0.32385411858558655, 0.27691082656383514, 0.2652663551270962, 0.22626709938049316, 0.2209988720715046, 0.2029610127210617, 0.18965181708335876, 0.23542984202504158, 0.17271868512034416, 0.18090194649994373, 0.16702481731772423, 0.20090894773602486, 0.16210770048201084, 0.21620922535657883, 0.16575913690030575, 0.1685817912220955, 0.16803420335054398, 0.18773946911096573, 0.16341915726661682, 0.15246174857020378, 0.2022767812013626, 0.16786853969097137, 0.16519701480865479, 0.20880162343382835, 0.16137022711336613, 0.1505324635654688, 0.1495780050754547]","[0.46779985908150457, 0.6340671309817338, 0.6523081213881753, 0.7032481569063848, 0.7384730324031085, 0.7201943070697987, 0.7323998037298126, 0.7721889859353186, 0.7936751559823456, 0.8153625198079123, 0.8012719215091476, 0.8129268739863197, 0.8104572371515714, 0.794038227991246, 0.7946646654664451, 0.851214153440527, 0.7976327861274914, 0.8459234562374257, 0.8489125338751714, 0.8379163093825508, 0.8479582859699991, 0.8221480155889606, 0.8195031712299431, 0.822574468811915, 0.8407962310406245, 0.8305689608029309, 0.8314252142265802, 0.8342672357711466, 0.8311778385772913, 0.8357574726528924, 0.8429634672947498, 0.8406883730345116, 0.8433279581442175, 0.8433279581442175, 0.8381379660031785, 0.8381379660031785, 0.8381379660031785, 0.8381379660031785, 0.8381379660031785, 0.8381379660031785, 0.8381379660031785, 0.8381379660031785, 0.8381379660031785, 0.8381379660031785, 0.8381379660031785, 0.8381379660031785, 0.8381379660031785, 0.8381379660031785, 0.8381379660031785, 0.8381379660031785]","[0.4742229247545644, 0.6567563848120772, 0.7184913924505327, 0.7581493642913375, 0.7402308149172822, 0.7855820274654698, 0.7668478225266875, 0.8081066145113864, 0.8042061237276812, 0.8089688074407339, 0.8183218128905216, 0.8141297223239943, 0.8160981758289149, 0.771295063576021, 0.7717876123733746, 0.8227393096521355, 0.7755376043644051, 0.791630417976447, 0.8022557853216205, 0.775228729152154, 0.7936821277990406, 0.7917243648672018, 0.8009859532502532, 0.82705745741904, 0.8252725694454696, 0.8204816069797871, 0.8214693938683706, 0.8163056056547023, 0.819570874620663, 0.8151828297020287, 0.8172523298381422, 0.8205016349589137, 0.8162566510695246, 0.8181604210837777, 0.8171451176469865, 0.8161026845490715, 0.8150612943644535, 0.8150612943644535, 0.8150612943644535, 0.8150535553285971, 0.8150612943644535, 0.8139781169301826, 0.8150612943644535, 0.8150194835936044, 0.8160597237801046, 0.8139781169301826, 0.8139781169301826, 0.8160585186222828, 0.8160597237801046, 0.8160597237801046]"
0,iemocap_4,atv,50,4,4,3,128,0.1,"[5.101564645767212, 4.135239660739899, 3.385099470615387, 2.8417581915855408, 2.4945791959762573, 2.271764785051346, 1.9540291130542755, 1.6609532833099365, 1.5757470726966858, 1.3117468655109406, 1.2273321747779846, 1.0962063074111938, 0.9924702048301697, 0.946196511387825, 0.722795769572258, 0.6989044845104218, 0.535476952791214, 0.5686587542295456, 0.5091365426778793, 0.41843675822019577, 0.3382612392306328, 0.31286684423685074, 0.2852209322154522, 0.2774934731423855, 0.1765756905078888, 0.18819450587034225, 0.14547153003513813, 0.1545935980975628, 0.13193701393902302, 0.13491625897586346, 0.17560327053070068, 0.12210842780768871, 0.12886562384665012, 0.11900640651583672, 0.1453149151057005, 0.11009698919951916, 0.1369784940034151, 0.1267215758562088, 0.12036269344389439, 0.1220721397548914, 0.15470264852046967, 0.11443992517888546, 0.1125242318958044, 0.14218039251863956, 0.133346913382411, 0.11587412841618061, 0.1376313902437687, 0.13247590512037277, 0.10129979811608791, 0.11170667968690395]","[0.5673616148934486, 0.6032892969063357, 0.7000796574927302, 0.73093948276433, 0.7255085716762716, 0.7516946631456055, 0.7877865985316918, 0.776600637639537, 0.8073861667744022, 0.8161547535948624, 0.7759785207935402, 0.8062691361979788, 0.8485703242721818, 0.8358519005847954, 0.795723224824789, 0.8406076541647962, 0.829375709885881, 0.8246971074607992, 0.8488154180546459, 0.8234284673828235, 0.8242737434415564, 0.7985273492286115, 0.8138000671082115, 0.8291151570146194, 0.8342673012419739, 0.8331607479146441, 0.8333268503623323, 0.8427882041924012, 0.8446997471143232, 0.8471007248369683, 0.8447170708794968, 0.839872957019047, 0.8353833914841379, 0.8375115624111826, 0.8398248577127885, 0.8395986969604244, 0.8420134549645704, 0.8395986969604244, 0.8395986969604244, 0.8373040633336045, 0.8373167676211455, 0.8398248577127885, 0.8399275049805779, 0.8374397207696433, 0.8399275049805779, 0.8398248577127885, 0.8398248577127885, 0.8398156242724073, 0.8373040633336045, 0.8398248577127885]","[0.567532282310074, 0.6475120007617509, 0.7637433564399321, 0.7485079536637567, 0.7973049567545987, 0.8128823218673495, 0.796495803494906, 0.8016211819603901, 0.8174724050829102, 0.8031720448592143, 0.8043157613663933, 0.7659314802213701, 0.8239790506866924, 0.8133460386283783, 0.7973296247031874, 0.8033274939094134, 0.8155816175640559, 0.7822507128762498, 0.8120122274050108, 0.7825174816652634, 0.7661368436731435, 0.8030606447829269, 0.7883842287801286, 0.8120629214755363, 0.8109946884245316, 0.8010920483750956, 0.7953543850830324, 0.7998113524933548, 0.8098193898497198, 0.8120822080623333, 0.8108800639531106, 0.7953437921734593, 0.7917055515823429, 0.7962420072288485, 0.7997059598292282, 0.8031162010728128, 0.8032400310058309, 0.8032400310058309, 0.8021064782440592, 0.7997368071310218, 0.8007983348482413, 0.8018529597482428, 0.7985787994231509, 0.7996735304714175, 0.8007689112431425, 0.7997457179788194, 0.7987842903671214, 0.7954537589290329, 0.7998066089017556, 0.7987225603966553]"
0,iemocap_4,atv,50,4,4,4,128,0.1,"[5.269419193267822, 4.354452610015869, 3.523632287979126, 2.94496887922287, 2.6479570269584656, 2.393489718437195, 2.055002361536026, 1.7695368826389313, 1.6825966536998749, 1.3988183438777924, 1.3242708444595337, 1.11709363758564, 1.001563772559166, 0.8697438389062881, 0.7576127201318741, 0.7635246366262436, 0.611682265996933, 0.6431853622198105, 0.5586481913924217, 0.47427986562252045, 0.5556589141488075, 0.5241263285279274, 0.3769795298576355, 0.33068808540701866, 0.23990660160779953, 0.23432359844446182, 0.1896912418305874, 0.128744188696146, 0.15250317752361298, 0.13017244078218937, 0.12891340255737305, 0.09373879060149193, 0.09890349488705397, 0.08238168526440859, 0.12883837707340717, 0.08607964497059584, 0.11563863977789879, 0.0841630594804883, 0.07789276912808418, 0.08319420088082552, 0.10787080693989992, 0.0818650471046567, 0.06805788725614548, 0.09958239272236824, 0.07629777118563652, 0.0813398789614439, 0.11097692139446735, 0.0873134657740593, 0.06592453271150589, 0.07257594726979733]","[0.4943096189653644, 0.588656016411172, 0.6094418125843325, 0.630267943815267, 0.7403356336418657, 0.7457343954221446, 0.7588296425796425, 0.7700959563134017, 0.7697878464186101, 0.8054323738793824, 0.7863227876014146, 0.8176955816371902, 0.8100430140584084, 0.8248260029867516, 0.7504051619281344, 0.8249634658883206, 0.8454867740040019, 0.8532936046957169, 0.8422895030127375, 0.8472536531523596, 0.7996304622477757, 0.7985160778440283, 0.8385872502367829, 0.8201113672496027, 0.8336848869919135, 0.8587042396648283, 0.8396571892366493, 0.847596155202802, 0.8216400754147811, 0.8143483107872675, 0.8237897332803893, 0.82868359668924, 0.8383426770304528, 0.837952858203415, 0.8451310275523375, 0.8475604440580605, 0.8475604440580605, 0.8430346403674459, 0.8460930958373283, 0.8435758889748842, 0.8434769127182628, 0.8434769127182628, 0.8410435184406642, 0.8434769127182628, 0.8361484472550047, 0.8386181874378122, 0.8386181874378122, 0.8435579653903644, 0.8407696886446887, 0.8383370476629609]","[0.47757327711478614, 0.634018308678134, 0.716987481066289, 0.6879230232159378, 0.7654055815865594, 0.7803131551932727, 0.789084891864543, 0.8015653076775071, 0.7846743162481636, 0.8187781370465711, 0.8054268264764913, 0.8148089635857415, 0.7968037072448132, 0.8164961616667415, 0.7274607769256332, 0.8164241751599761, 0.8063863537442364, 0.7965945040802616, 0.8092645698745801, 0.7875001236611545, 0.7580685257467786, 0.7902888741589086, 0.7980087374085973, 0.7986869569771937, 0.8184172557088559, 0.8031274687293048, 0.7933797070698377, 0.8059607931805013, 0.7889398762595305, 0.7945526250635273, 0.7994421448581477, 0.8036447751335164, 0.8110024651912244, 0.8091885759043618, 0.8101635209261192, 0.815411752996638, 0.8143993732907362, 0.8183017683281715, 0.8180838293743318, 0.8178479385294704, 0.812540107167047, 0.812540107167047, 0.8136413146511818, 0.8103513215212094, 0.8103758184921517, 0.8126692623679805, 0.8127745587408266, 0.8169642664837794, 0.8137357956356763, 0.8126692623679805]"
0,iemocap_4,atv,50,4,4,5,128,0.1,"[5.217815637588501, 4.210607290267944, 3.4436634182929993, 2.8939465284347534, 2.554813325405121, 2.2943924963474274, 2.005844235420227, 1.6881654262542725, 1.5802296102046967, 1.305972546339035, 1.2198261618614197, 1.0837162286043167, 0.953139454126358, 0.8297625482082367, 0.6545031070709229, 0.5790966600179672, 0.5116272121667862, 0.4869110584259033, 0.44978395104408264, 0.419527992606163, 0.4611971378326416, 0.3525601513683796, 0.24396603554487228, 0.25472671166062355, 0.1518512535840273, 0.18266582489013672, 0.12297084368765354, 0.1081408429890871, 0.10702323541045189, 0.12223533168435097, 0.1573574934154749, 0.09935143776237965, 0.10663835145533085, 0.0940583385527134, 0.14680850319564342, 0.09621573984622955, 0.12775907665491104, 0.08947373181581497, 0.10042394511401653, 0.10398402623832226, 0.1177203506231308, 0.08749530650675297, 0.08026877790689468, 0.11102434620261192, 0.09783975593745708, 0.0894542820751667, 0.12039412930607796, 0.09837023168802261, 0.08404894359409809, 0.07991858199238777]","[0.5423479036307918, 0.5765918135527257, 0.6756922340333964, 0.716424320868613, 0.7211585157584227, 0.7688344755244756, 0.7752248599856775, 0.7902011637728994, 0.7612321326611843, 0.7875283413694174, 0.7962637759710932, 0.8383976329331047, 0.8433794573643412, 0.8619974059202968, 0.8503923651614526, 0.8519400463800857, 0.875080801620675, 0.8559468191272797, 0.8491956817775766, 0.8574534351145039, 0.8493443223443223, 0.8368956162377134, 0.8480459757261078, 0.8265835030138625, 0.8388721212423164, 0.8193808072698271, 0.8221031592297935, 0.8307099941195979, 0.8330849690798792, 0.8352865748008605, 0.840883476536682, 0.8364453452321098, 0.836499741402865, 0.836499741402865, 0.8362269911698809, 0.8478086401470176, 0.8501216452602088, 0.8501216452602088, 0.8477225682972217, 0.8451041210038308, 0.8477225682972217, 0.8502031349625595, 0.8478316054341459, 0.8453707467923013, 0.8478316054341459, 0.8430034495479412, 0.845583873007842, 0.845583873007842, 0.8429464807370249, 0.845583873007842]","[0.5226381224342665, 0.6515977937340008, 0.7579080710763796, 0.7513545835563872, 0.7647610249398478, 0.8003816942386973, 0.8034787959275272, 0.8118605171034902, 0.7855061054417811, 0.8209480609235217, 0.7831598100087594, 0.8037285622771356, 0.8096402088025711, 0.8112675092137815, 0.7894926157332426, 0.8173757561580283, 0.8326207984395997, 0.775931193352437, 0.8013165493657824, 0.7742573188420244, 0.7965432431400805, 0.8224973749290172, 0.8063408731586945, 0.8087977004905488, 0.7978947775166276, 0.7938647208288602, 0.795110733160566, 0.8019339057831568, 0.8125595673252963, 0.819108447588206, 0.8168805978480604, 0.8050537177441779, 0.8016556323288359, 0.8046809545483853, 0.8129623748491391, 0.8264039999132471, 0.8224238269713054, 0.8225163880081053, 0.8225163880081053, 0.8277092021514653, 0.8246130572220843, 0.8256774924017343, 0.8225172584974287, 0.8235184728555965, 0.8191436596048641, 0.8203714741495355, 0.8214664257162887, 0.8169384021644461, 0.8234161076370656, 0.8213437866997875]"
0,iemocap_4,atv,50,4,4,6,128,0.1,"[5.130116820335388, 4.21497642993927, 3.4366273283958435, 2.8747599720954895, 2.526888132095337, 2.254133105278015, 1.9100492894649506, 1.5784660577774048, 1.5133512616157532, 1.2264409214258194, 1.1422079205513, 1.0262195616960526, 0.8933641165494919, 0.8369813114404678, 0.6191208437085152, 0.5402195528149605, 0.4778325781226158, 0.5358163565397263, 0.5449748635292053, 0.4749351218342781, 0.5392664670944214, 0.5009865686297417, 0.2809526100754738, 0.2979038394987583, 0.19165179878473282, 0.220351655036211, 0.17975245788693428, 0.16065785847604275, 0.15281794220209122, 0.16562107391655445, 0.16714100167155266, 0.13528071343898773, 0.1386824268847704, 0.1268577892333269, 0.17731992155313492, 0.11456515453755856, 0.18187230080366135, 0.12184357270598412, 0.12484423816204071, 0.15820453874766827, 0.1548415794968605, 0.12280724011361599, 0.10776722989976406, 0.14079135283827782, 0.12482518330216408, 0.12593658082187176, 0.16154491156339645, 0.15474831871688366, 0.11341690830886364, 0.11592474579811096]","[0.496755591728462, 0.5236599505066696, 0.7041289887930398, 0.774188550420168, 0.7412271741543178, 0.7585160479586129, 0.7918738253616301, 0.7985905987258656, 0.7783984768299654, 0.8245711269858486, 0.7512995632813712, 0.8298992440934544, 0.78782369055175, 0.8536404323352176, 0.8147829950288968, 0.8394982850590642, 0.7672592810647306, 0.8565826086175005, 0.796937836806529, 0.8212843895290074, 0.8306901902321422, 0.8422761979184855, 0.8605061077960863, 0.8519428086533349, 0.8326346343195368, 0.83983854080961, 0.8401318867782014, 0.8447030110862827, 0.8660550961134988, 0.8706895259881938, 0.8563431834610621, 0.8467771731007026, 0.841839733089733, 0.8441905356548215, 0.8466788459280461, 0.8585590817242078, 0.8583014232295483, 0.8584988184594391, 0.8583014232295483, 0.8537105554059897, 0.8583014232295483, 0.8560538994487547, 0.851312981710703, 0.8536781653927547, 0.8537364418880284, 0.8537364418880284, 0.851312981710703, 0.8489578346239708, 0.8536050939975444, 0.848793006170051]","[0.4974501083193187, 0.6454173019672963, 0.7512935187236129, 0.7524379977798494, 0.7859612651027741, 0.7966165831677408, 0.7987418205427353, 0.7839709958139136, 0.7923476212847383, 0.815192361022533, 0.75793553502474, 0.7568920915098083, 0.7682713246740666, 0.832603159151812, 0.7672660627104385, 0.7884644430404085, 0.7750218015794237, 0.7963925321559091, 0.7746179655904625, 0.8127799000770054, 0.7551371096551445, 0.8153618872211497, 0.8284556419167836, 0.8134454308749498, 0.7855798362799475, 0.7902483498916042, 0.7916257166537214, 0.8026860600877235, 0.8144850773807207, 0.8155527651785517, 0.8156970537455153, 0.8155581796943739, 0.8166273407809193, 0.8165518083242025, 0.8151701324487957, 0.81433056749655, 0.8155104922312281, 0.8155104922312281, 0.8155104922312281, 0.8186968275999222, 0.8165982550340664, 0.8176282088348241, 0.8155260404054075, 0.8131930664164149, 0.811033984287212, 0.8133824775953187, 0.8133664849938986, 0.8131805116730795, 0.8142604924938749, 0.8131805116730795]"
0,iemocap_4,atv,50,4,4,7,128,0.1,"[5.079651355743408, 4.0920398235321045, 3.3260582089424133, 2.8407968878746033, 2.491991937160492, 2.2270213961601257, 1.885879933834076, 1.5800326764583588, 1.4813350141048431, 1.2223973274230957, 1.1523959934711456, 1.0419237166643143, 0.8925779312849045, 0.7503868192434311, 0.6308996677398682, 0.5240459144115448, 0.44981013238430023, 0.4790956452488899, 0.4196786843240261, 0.4284543991088867, 0.3968057446181774, 0.3197351098060608, 0.26810333877801895, 0.2411038838326931, 0.16806497424840927, 0.18765919655561447, 0.14719748869538307, 0.14052825048565865, 0.12773466110229492, 0.13663390278816223, 0.15947644412517548, 0.10807778313755989, 0.12261532805860043, 0.10690530203282833, 0.15773214772343636, 0.10015030950307846, 0.1884426288306713, 0.11014281585812569, 0.11512827314436436, 0.1358769964426756, 0.13905254192650318, 0.11500061303377151, 0.08951044082641602, 0.12977346405386925, 0.11452569253742695, 0.11545520275831223, 0.15768673457205296, 0.12429269589483738, 0.0988076888024807, 0.10002469457685947]","[0.5023867005639078, 0.5922336908625819, 0.6901770097988408, 0.731261032950203, 0.7718838513949743, 0.7608397338477125, 0.8052700227893199, 0.7804878937101078, 0.7377949488107176, 0.8101272869865422, 0.7765257660440332, 0.8519342912371078, 0.8761691564536095, 0.77768178596257, 0.8672333407962867, 0.8604749194558068, 0.8075839509405083, 0.8541360584464204, 0.8209734430731905, 0.8271876706677656, 0.8126485570161092, 0.7950880441403035, 0.7937947402433139, 0.819493288144604, 0.820488492403337, 0.8159206423828274, 0.8197298690481171, 0.8127734688002013, 0.8271694278843827, 0.8295552727935768, 0.8295552727935768, 0.8317618854124339, 0.8317618854124339, 0.8264504740111147, 0.8237586761808771, 0.8211771045077721, 0.8260849301770066, 0.8236925632850167, 0.8236925632850167, 0.8211771045077721, 0.8211771045077721, 0.8211771045077721, 0.823616966424924, 0.8237586761808771, 0.8237586761808771, 0.823616966424924, 0.8261333375847929, 0.8263036287773002, 0.8211771045077721, 0.8211771045077721]","[0.5263580929677817, 0.5956149337677263, 0.6939466617554999, 0.7230838828935463, 0.7729098611862887, 0.7886383587570068, 0.8265913017202452, 0.8287127630348766, 0.7837102453605046, 0.8206863070961896, 0.8130013192146411, 0.8532450045633795, 0.8331060768989186, 0.7707487327093597, 0.8229749889869444, 0.832165886834426, 0.8037689752328571, 0.8107721895372776, 0.8219652323485009, 0.8133461901976596, 0.7574965482217575, 0.7997849482336034, 0.8114530514403088, 0.804272690682139, 0.8143376885621528, 0.8100451213452871, 0.8166239242968889, 0.8185208024333227, 0.8248054700360039, 0.8278553045295788, 0.822297858415527, 0.8235641757250954, 0.8224046179260444, 0.8203410967511606, 0.8242428832187457, 0.8180022886136761, 0.8149602078224493, 0.8141205537466751, 0.8130493103969428, 0.8180831864865052, 0.8169207443341988, 0.8169207443341988, 0.817157763535944, 0.8211557240925832, 0.8232533950808424, 0.816099183810694, 0.8151883748683996, 0.8191658913707682, 0.8200387258890068, 0.8211557240925832]"
0,iemocap_4,atv,50,4,4,8,128,0.1,"[5.166647434234619, 4.14141309261322, 3.4097853899002075, 2.8910630345344543, 2.537028193473816, 2.2908621728420258, 1.919247716665268, 1.595241129398346, 1.4747124314308167, 1.2157739847898483, 1.1481084674596786, 0.9880061894655228, 0.8653708696365356, 0.7511558830738068, 0.664453774690628, 0.5620700940489769, 0.47851426899433136, 0.5037248656153679, 0.49481600522994995, 0.40761949121952057, 0.40350742638111115, 0.30428924411535263, 0.30347635969519615, 0.24402837827801704, 0.20418238639831543, 0.2330552376806736, 0.16751409322023392, 0.14304695092141628, 0.1425891686230898, 0.15476781129837036, 0.16552118211984634, 0.12427129410207272, 0.1341928094625473, 0.12453510984778404, 0.16163411922752857, 0.11164994724094868, 0.18209126219153404, 0.11758776567876339, 0.12339489348232746, 0.1475999727845192, 0.1484658308327198, 0.12020375952124596, 0.10537275485694408, 0.14906191639602184, 0.11558386124670506, 0.11657704599201679, 0.17378150671720505, 0.1337837278842926, 0.1085723377764225, 0.10818425565958023]","[0.559889617120941, 0.5843853747410036, 0.6560832243593439, 0.7071711643434964, 0.7256540315115728, 0.795030954406824, 0.7791775262575346, 0.7884028902166331, 0.7816338987219896, 0.8135913830699948, 0.821125287728199, 0.8173812347316642, 0.8525591397849461, 0.8002728060425183, 0.8266895723724041, 0.8554482847943794, 0.7895866968824982, 0.8415401219218418, 0.8236187066350158, 0.8159052939452671, 0.8437983307015565, 0.8233948529196755, 0.8479920867829578, 0.8078967323965345, 0.8232977381503582, 0.833729764278461, 0.8511730494953019, 0.8446281902010863, 0.8395195231656962, 0.8392509275368153, 0.8368639574711004, 0.83908908100702, 0.8414602775442822, 0.8435132700138268, 0.8435095981994486, 0.8483482334384134, 0.8456871250687809, 0.8483482334384134, 0.8483482334384134, 0.8507428030413661, 0.8483482334384134, 0.8483482334384134, 0.8483482334384134, 0.8483482334384134, 0.8459616219314239, 0.8459616219314239, 0.8483482334384134, 0.8459063482742871, 0.8483482334384134, 0.8483482334384134]","[0.579316525297985, 0.6110671513822049, 0.70770416340955, 0.71776671069622, 0.7863669652325055, 0.8009795149890087, 0.7946931916118558, 0.7973151648332933, 0.7957142262501464, 0.8232711579565571, 0.8099807533154798, 0.8082109927095812, 0.8149282553948235, 0.7661002623524009, 0.7784837144500784, 0.8285065155119238, 0.7765807861225884, 0.8245696311032835, 0.8029650757049133, 0.8126192957081104, 0.782986131378273, 0.7965502607912068, 0.8160668493280605, 0.7904635009250296, 0.8020808381116517, 0.8072977451039015, 0.8161765607862107, 0.8148209137385455, 0.8106662708044465, 0.8172616506597443, 0.8105360493991807, 0.8150789874942607, 0.8172171045122604, 0.8193391225124954, 0.8213509798287282, 0.8247677980784855, 0.8260977098953104, 0.8281936069075295, 0.8281936069075295, 0.8281204576820658, 0.8270658979826434, 0.8259371634465101, 0.8227137098309917, 0.8237115471751686, 0.8205488663776918, 0.8228196497274027, 0.8249849706549844, 0.8237793438407969, 0.8259371634465101, 0.8248453036403867]"
0,iemocap_4,atv,50,4,4,2,256,0.1,"[5.116733431816101, 3.9309532046318054, 3.051938056945801, 2.4831619262695312, 2.1444906890392303, 1.8806793689727783, 1.618679702281952, 1.3580882847309113, 1.2605256736278534, 1.0473798215389252, 0.9457075744867325, 0.8573118448257446, 0.7145924866199493, 0.645983949303627, 0.4357505366206169, 0.37043991684913635, 0.3426576182246208, 0.3932672366499901, 0.3529280535876751, 0.4441935755312443, 0.4030385799705982, 0.24637718126177788, 0.2686680145561695, 0.17542014084756374, 0.138338815420866, 0.11352162808179855, 0.10537690296769142, 0.08775073010474443, 0.07990418188273907, 0.08064533770084381, 0.12649305164813995, 0.06997983530163765, 0.07716083060950041, 0.07225837465375662, 0.09413640014827251, 0.06418448965996504, 0.10350739303976297, 0.07814257685095072, 0.07385892793536186, 0.0699742492288351, 0.08106397930532694, 0.06675217486917973, 0.058361608535051346, 0.07755771093070507, 0.06583916116505861, 0.07086627092212439, 0.11582932993769646, 0.06958411913365126, 0.056152546778321266, 0.05682735424488783]","[0.5405717151055833, 0.5936196938211485, 0.7365125503593143, 0.7517885416666666, 0.7905336993513329, 0.8023475204552531, 0.8262572940541902, 0.7917329931972789, 0.8043624470528585, 0.7931656227932824, 0.7758505788224628, 0.8028457411133466, 0.8388544104955911, 0.8666780985796325, 0.8649971578430612, 0.8533506598019145, 0.8383922234146616, 0.8481753550989766, 0.8454662617944598, 0.8405494482856918, 0.8396853940516141, 0.8299848763899118, 0.8420845393941488, 0.8036701485806796, 0.8395053121585889, 0.830111857145952, 0.829424497988622, 0.8326653739196113, 0.8298647812349188, 0.8273230434213074, 0.8252759661721926, 0.8331673134401391, 0.8331673134401391, 0.8279560829194288, 0.832248120894248, 0.8364306623115633, 0.8362242257247827, 0.836530902138538, 0.836530902138538, 0.8367828735299924, 0.836530902138538, 0.8367828735299924, 0.834378708384184, 0.8367828735299924, 0.834261767043241, 0.8319820192717389, 0.8319820192717389, 0.8319820192717389, 0.8367828735299924, 0.834378708384184]","[0.5653694947189036, 0.6513497286194737, 0.7522054152764353, 0.772372090492746, 0.800843453875216, 0.8220220763291477, 0.7971112378459629, 0.8106111587604975, 0.7961294204890877, 0.776184811986436, 0.7836165789113432, 0.7505041435018462, 0.8118830037148335, 0.8100913710594471, 0.8150136885815296, 0.8282346725151929, 0.8137713477675351, 0.7831688641681173, 0.83013669291093, 0.8103660041395477, 0.7648751152220065, 0.8150067380529109, 0.8322777274651405, 0.7866591898265521, 0.8041507688608629, 0.8109487035461329, 0.8168341487318338, 0.816983016669271, 0.821003289806567, 0.8197922855180204, 0.8218032766917491, 0.8228120232084927, 0.8228743173781341, 0.8313786617820137, 0.834640238691632, 0.8304959493885655, 0.8348069303847789, 0.8358861883145038, 0.8337628711926661, 0.8338345105067302, 0.8348066671959075, 0.8336944024129468, 0.8357965527811739, 0.833659396803453, 0.8346838480356144, 0.8357965527811739, 0.8347527141811388, 0.8346774876122096, 0.8326332628329334, 0.8346838480356144]"
0,iemocap_4,atv,50,4,4,3,256,0.1,"[5.082995057106018, 3.9208640456199646, 3.0185598731040955, 2.3953322172164917, 1.997360348701477, 1.7765487432479858, 1.5233805179595947, 1.2376489043235779, 1.1636982560157776, 0.9752528220415115, 0.9075808972120285, 0.7803308367729187, 0.6160535365343094, 0.5629495233297348, 0.4358953535556793, 0.36765913665294647, 0.31221336126327515, 0.33518384769558907, 0.3173614554107189, 0.3571050688624382, 0.476161602884531, 0.34086326509714127, 0.34819307923316956, 0.21626269444823265, 0.21804624423384666, 0.20835547894239426, 0.15090063214302063, 0.12322749197483063, 0.10472633875906467, 0.10822105966508389, 0.12383677065372467, 0.08499132469296455, 0.08909908309578896, 0.08099780045449734, 0.111997339874506, 0.07175819016993046, 0.12848918046802282, 0.07894914597272873, 0.08397586271166801, 0.10880251787602901, 0.09137720428407192, 0.08217460196465254, 0.071164071559906, 0.09441897459328175, 0.08417541906237602, 0.07600500620901585, 0.12282010354101658, 0.09535546228289604, 0.07527180202305317, 0.07074349839240313]","[0.5661640211640211, 0.6516166187866885, 0.7554962316320827, 0.7841573388479023, 0.766405192974507, 0.8063319543018502, 0.7830251165954141, 0.8134232108887283, 0.7188442105263158, 0.8279374884750138, 0.7984813987488313, 0.851403097988503, 0.8779312544951812, 0.7758083464760485, 0.8324991616989567, 0.844671074910306, 0.7748126044689301, 0.8288793563999691, 0.8017013543443957, 0.7593846686437616, 0.8133970893719062, 0.7234334484058417, 0.8101754596403871, 0.8280801212265542, 0.8328241313299639, 0.844848456647279, 0.8223382620591235, 0.8134634801871303, 0.813468091401633, 0.8159370922383138, 0.8136265249901613, 0.8135358961632251, 0.8159222194142808, 0.8182072768498848, 0.8201753556351004, 0.8201753556351004, 0.8175755349949759, 0.8151716365502524, 0.8176554044353541, 0.8251900634519889, 0.8151716365502524, 0.8151716365502524, 0.8176554044353541, 0.8151716365502524, 0.8176554044353541, 0.8176554044353541, 0.8176554044353541, 0.8177605115224368, 0.8151716365502524, 0.8151716365502524]","[0.5892194921782902, 0.6569773618485936, 0.7391381387593456, 0.7536823815702991, 0.7773393693496982, 0.8233682860080886, 0.8021331085210922, 0.79985284831772, 0.7536812768417974, 0.8237823944176522, 0.8129953341097573, 0.8291049509573423, 0.8058363373540364, 0.7652980765401302, 0.821270721834927, 0.813114218239405, 0.7818529224735272, 0.8122378342124852, 0.8132232367995172, 0.7462387830781078, 0.7503672085399734, 0.715292426052359, 0.8090516963577019, 0.7671646628380456, 0.7849533204974469, 0.8050171620385808, 0.8112103918983384, 0.8117372447427231, 0.8149081461623694, 0.8090669961806152, 0.8063732686874178, 0.8121986440697506, 0.81219112318967, 0.8142557777996392, 0.8232110504557945, 0.825458761575569, 0.8233420161477314, 0.8255709027938282, 0.8267148663533205, 0.8244207685329179, 0.825403119289456, 0.8244028689550024, 0.8233323801552465, 0.82330710489688, 0.8244046719582039, 0.8222485642471614, 0.8246135737726544, 0.8254790250978874, 0.8233079577209486, 0.8233079577209486]"
0,iemocap_4,atv,50,4,4,4,256,0.1,"[5.022249102592468, 3.8059892058372498, 2.9100746512413025, 2.3667957186698914, 2.0058533251285553, 1.7980950474739075, 1.5360264778137207, 1.2564667463302612, 1.184946358203888, 0.9367619007825851, 0.8825787156820297, 0.7600136548280716, 0.6053789258003235, 0.6136834397912025, 0.46557745337486267, 0.37060725688934326, 0.36689261347055435, 0.3999985344707966, 0.34717975556850433, 0.28154340758919716, 0.3144015222787857, 0.20773522555828094, 0.17793148756027222, 0.1753080878406763, 0.1158251240849495, 0.14663021638989449, 0.11522671952843666, 0.1032184436917305, 0.11437361501157284, 0.11210592091083527, 0.11651250720024109, 0.0795679222792387, 0.08808473404496908, 0.08448879979550838, 0.12645582109689713, 0.08892326895147562, 0.16564239375293255, 0.09436653554439545, 0.09344597533345222, 0.11482770554721355, 0.1068107932806015, 0.08797301352024078, 0.07618851214647293, 0.10169138200581074, 0.09007328934967518, 0.0900720190256834, 0.12276804447174072, 0.10495004709810019, 0.07935651578009129, 0.07693356648087502]","[0.5564213690129921, 0.6087161174738572, 0.6947132248421757, 0.7643526703671891, 0.7957141870424091, 0.7794032368185269, 0.8101194725201908, 0.7963813454235449, 0.7571141108265169, 0.851581628823261, 0.7809794110881068, 0.8388363908818454, 0.8578853923853924, 0.8157202693927745, 0.8040918037844509, 0.8164721753847347, 0.8306950041483939, 0.8070399847545131, 0.8068388334454493, 0.8110565573430324, 0.8137312662512879, 0.7904087367891051, 0.7922443465583224, 0.8040835877113427, 0.8206569441587824, 0.8182854810465369, 0.8216528851148556, 0.8221239795055888, 0.8221239795055888, 0.8125095644196435, 0.803684053895001, 0.8084580487698577, 0.8034487021510506, 0.8083171737257241, 0.8083171737257241, 0.8072806876059302, 0.811931860457809, 0.8169199467674692, 0.8169207082371055, 0.8170657616101351, 0.8166833333333333, 0.8166833333333333, 0.8169207082371055, 0.8142069322139589, 0.8169207082371055, 0.8169207082371055, 0.8195277777777779, 0.819717048169275, 0.8141383128520226, 0.8168456003622404]","[0.6001128901885826, 0.6574468758646077, 0.7610464698912843, 0.7631927489096083, 0.7988957300169249, 0.7868698943937676, 0.8045298336568607, 0.7853380889314625, 0.7749706594470385, 0.8305535468688369, 0.8020529510083046, 0.8496674920058016, 0.7931338258470251, 0.8186429176100993, 0.8077268992429737, 0.7815964757291526, 0.8080450718629806, 0.8246764259343351, 0.7933529529289133, 0.7925818724716839, 0.7812174006239242, 0.7792925666559027, 0.7885127714105411, 0.7954645308640319, 0.8103144395319154, 0.813562874694865, 0.8134715980823268, 0.8145717977867613, 0.816675931045211, 0.8164766988302374, 0.8068267665837342, 0.8112051146610787, 0.808243449797436, 0.808243449797436, 0.8110837566599624, 0.8166361086702596, 0.8135774123194517, 0.8156216677084462, 0.8145775588053185, 0.8199077623024505, 0.8165640664993353, 0.8176356726215465, 0.8165640664993353, 0.8187071951298194, 0.8154134272222441, 0.8165640664993353, 0.8156226106223884, 0.8197636079317885, 0.8197721874053447, 0.8187071951298194]"
0,iemocap_4,atv,50,4,4,5,256,0.1,"[5.030148386955261, 3.8076558113098145, 2.8844165802001953, 2.2789593040943146, 1.8964545726776123, 1.6582841277122498, 1.3897542655467987, 1.107115387916565, 1.109548881649971, 0.8369087129831314, 0.8493564128875732, 0.6586025357246399, 0.49747951328754425, 0.5443743914365768, 0.3566022738814354, 0.2827218398451805, 0.28541673719882965, 0.3519917130470276, 0.2838424164801836, 0.26724665611982346, 0.25199010595679283, 0.21516215428709984, 0.1280353106558323, 0.16505327075719833, 0.09207113273441792, 0.10962019674479961, 0.0935667622834444, 0.07132522203028202, 0.07610199600458145, 0.07582022715359926, 0.0861151497811079, 0.05451146140694618, 0.06620125751942396, 0.055037456564605236, 0.08095640502870083, 0.0503845838829875, 0.12756636645644903, 0.0587975112721324, 0.05730128660798073, 0.08176267147064209, 0.06504492089152336, 0.05675619374960661, 0.04440600145608187, 0.061329444870352745, 0.055428617633879185, 0.053001437336206436, 0.0988738052546978, 0.07395505625754595, 0.049250624142587185, 0.04701147973537445]","[0.5818687044062004, 0.6321817376954395, 0.752736463575241, 0.7748010792935004, 0.7953260495981468, 0.8209482022272719, 0.8258041443850268, 0.7944546545878168, 0.7541603668404963, 0.846279323882311, 0.8393697089150397, 0.7477919511805743, 0.8491323225836382, 0.8357883051715309, 0.8031465870913007, 0.8133819670732086, 0.8220968366922328, 0.7806044938713451, 0.8247627321026778, 0.8226399083279137, 0.7671890123506253, 0.7502626941550744, 0.8008946439612175, 0.8137076441870112, 0.8165885794959696, 0.8116129812105001, 0.8140556433259997, 0.811468389434576, 0.8231137193060428, 0.8211664150314272, 0.8147311956336347, 0.816892659720711, 0.8171374064634281, 0.81668801580169, 0.81668801580169, 0.8189195915325892, 0.8282790260205505, 0.8286159628544308, 0.825902189890764, 0.8335159784039444, 0.8307257322211395, 0.8307257322211395, 0.8286685120911739, 0.8334453498968535, 0.8262892396079025, 0.8286685120911739, 0.8261617191476528, 0.8311209737827716, 0.8284076640847943, 0.8284076640847943]","[0.6121637087053836, 0.6904343388639446, 0.761451560842023, 0.7734526513941301, 0.7972467270508604, 0.8081310953565525, 0.804311058579795, 0.7716841123862341, 0.7727730936607125, 0.8260015997185072, 0.8252637008436, 0.760221637334462, 0.8359109289451548, 0.8363627416078278, 0.7922642030006748, 0.808790272465504, 0.8208217727339775, 0.7769882853960813, 0.7965024061534672, 0.8185085790413636, 0.7605970219187143, 0.7913677434218019, 0.8184498375724222, 0.8209209973251249, 0.8251752101732958, 0.826239750868236, 0.8253806036277059, 0.8262869131582532, 0.8261579500185249, 0.8280378860461227, 0.8270935893665728, 0.829305396480013, 0.8313407965175559, 0.8270784837712343, 0.8269462160908368, 0.8302289329964198, 0.825042500203748, 0.8250741436798334, 0.8250741436798334, 0.8239823680308723, 0.8250346658219928, 0.8239103612067932, 0.82607884514103, 0.825048261563464, 0.8281476906917863, 0.82607884514103, 0.8230017307344633, 0.8250756089684959, 0.8218739755724437, 0.8228927040012035]"
0,iemocap_4,atv,50,4,4,6,256,0.1,"[4.9630286693573, 3.655157506465912, 2.780727505683899, 2.2499566078186035, 1.8016939163208008, 1.6848790645599365, 1.395729809999466, 1.1451327204704285, 1.1338840126991272, 0.7962875962257385, 0.8438595831394196, 0.6506502032279968, 0.5347899794578552, 0.5536737367510796, 0.39470136165618896, 0.3080432042479515, 0.35251981392502785, 0.43908528983592987, 0.31310830265283585, 0.2800764702260494, 0.29801785200834274, 0.28452906385064125, 0.15750155597925186, 0.17368627712130547, 0.11726152338087559, 0.14037166722118855, 0.11266710981726646, 0.09546974115073681, 0.09336130693554878, 0.10948999784886837, 0.10623128153383732, 0.0699916873127222, 0.08153243735432625, 0.07175752986222506, 0.10137718729674816, 0.06864399649202824, 0.2076722476631403, 0.0814411323517561, 0.08325067441910505, 0.14435855485498905, 0.08551061525940895, 0.07348453439772129, 0.0674115801230073, 0.07545151188969612, 0.07111939415335655, 0.07310837600380182, 0.1291723344475031, 0.10547732748091221, 0.07591440342366695, 0.06726574618369341]","[0.51893692051854, 0.6162057247809936, 0.719224133902502, 0.7480902793594101, 0.7581987807178757, 0.8050092613270111, 0.7907683675402152, 0.7547166728828216, 0.8027856354908478, 0.7778864166000266, 0.8350755165886744, 0.8081074145904305, 0.8461043074899061, 0.840619516757752, 0.7870981995871246, 0.8101341280582145, 0.8267009647858542, 0.7998628898696276, 0.8086332504860265, 0.8494446571056623, 0.8083872891387986, 0.754575280953869, 0.7835061682121358, 0.816873774109186, 0.8166155915787451, 0.830636662927883, 0.8346346385610378, 0.8322848392980382, 0.8318325542093035, 0.8319540113886614, 0.8324200501856359, 0.8346895061460279, 0.8349780102355082, 0.8326130023819567, 0.8277223314857858, 0.839754441210963, 0.8467959101130214, 0.8421981386272799, 0.8421981386272799, 0.8444212598872473, 0.8397252836224053, 0.8397252836224053, 0.8373486638963448, 0.8395586038924101, 0.8371621352478144, 0.8373486638963448, 0.8421981386272799, 0.8419616101824758, 0.8419616101824758, 0.8419616101824758]","[0.6034292633562078, 0.6913094683516833, 0.7501969540344872, 0.770864582052777, 0.7852652024024629, 0.8158178919864376, 0.7932820623384489, 0.7164933222005786, 0.8219808661181628, 0.7930044710087846, 0.8367257003521396, 0.8197280699906528, 0.7976520954781815, 0.8227534855461484, 0.7868849091192283, 0.7779642992080087, 0.8042967450582245, 0.7954874263212678, 0.8020885329277267, 0.8184919392978744, 0.7789515070879497, 0.804688500769042, 0.8205206515566653, 0.8363151980486632, 0.8326348010604775, 0.8315807576078147, 0.8265741580935594, 0.823423514048414, 0.8275508831020556, 0.8221321715500918, 0.8218906560927066, 0.8219484500673657, 0.8218704546894943, 0.8208038163587393, 0.8197170606789295, 0.8229826049007833, 0.8252816528336067, 0.8254208832894162, 0.8242833653689913, 0.8283826432229934, 0.8241421562966533, 0.8241421562966533, 0.8241210522707928, 0.8251368483029381, 0.8251368483029381, 0.8252095072546266, 0.8242630141790733, 0.8262046874859263, 0.8283781533481342, 0.8272912128524124]"
0,iemocap_4,atv,50,4,4,7,256,0.1,"[4.992775321006775, 3.617258369922638, 2.7461048364639282, 2.181927055120468, 1.7790074348449707, 1.5837534964084625, 1.339420884847641, 1.077732890844345, 1.0525818020105362, 0.791297435760498, 0.8465733677148819, 0.6256137490272522, 0.5054820030927658, 0.5863147079944611, 0.3481780216097832, 0.3064417652785778, 0.33628739789128304, 0.4091593101620674, 0.3142819218337536, 0.2661915086209774, 0.27587388828396797, 0.2479158341884613, 0.1327978279441595, 0.17733746394515038, 0.08475077152252197, 0.10188566707074642, 0.09978726506233215, 0.08233445510268211, 0.08645864110440016, 0.08183111809194088, 0.0927008269354701, 0.058271460235118866, 0.06483818590641022, 0.05702959932386875, 0.09803647734224796, 0.056003469973802567, 0.1553602833300829, 0.060711861588060856, 0.06671251635998487, 0.1075183255597949, 0.06567295640707016, 0.059280616231262684, 0.050574107095599174, 0.06397666595876217, 0.055858081206679344, 0.06095101032406092, 0.09035291709005833, 0.08464316558092833, 0.054640721529722214, 0.0536524998024106]","[0.5433623890496315, 0.615152510930657, 0.6981487496963688, 0.7404034487216637, 0.7902776402481401, 0.8134549548924038, 0.8022309697558042, 0.76382265770169, 0.7717715839778658, 0.7858209826102848, 0.8279448544908309, 0.8061704345948779, 0.8445075297486793, 0.8467072687583902, 0.7784603012922517, 0.777841918598778, 0.8042411207954686, 0.8167336929958775, 0.7825177161649102, 0.8206547621137658, 0.8215813483224431, 0.7507283203169286, 0.8171602833906381, 0.8056555596767504, 0.7985160256410256, 0.8036071597520191, 0.8034255365454341, 0.8057003279206669, 0.8153272933293377, 0.8131183198674806, 0.8107889434968679, 0.8153385662470701, 0.8154673247021188, 0.8154673247021188, 0.8155915652066642, 0.8201438148642965, 0.8224751542729638, 0.8200579779223013, 0.8200579779223013, 0.8200658854320239, 0.8200735631718252, 0.8176493404986384, 0.8201438148642965, 0.8176493404986384, 0.8201438148642965, 0.8201438148642965, 0.8226939765642328, 0.8202346327966734, 0.8200658854320239, 0.8200658854320239]","[0.5679170744857466, 0.7088928359548604, 0.7489958173318917, 0.749401018037436, 0.8138320937858249, 0.8130067225310279, 0.8068921817143786, 0.7366676744482993, 0.7982439636977762, 0.8114277207861578, 0.844123207536726, 0.8189791781953558, 0.8232912931946541, 0.8343579382503097, 0.7806046523965314, 0.7881220170547221, 0.8044697025702644, 0.7985423655045433, 0.7649926838647416, 0.8244400580109417, 0.7961707882004548, 0.7832690963853992, 0.8363392879303367, 0.8327351017831741, 0.8264806882273165, 0.8232647816216024, 0.8188005376400488, 0.823849112173775, 0.8313351752037004, 0.830250893021452, 0.8291223761627584, 0.8301439157656756, 0.8267938563371358, 0.8268839452111475, 0.8311208118724324, 0.8301772957872913, 0.8335074354926869, 0.834591956388282, 0.8335360186294903, 0.8386745245227503, 0.8333391637124901, 0.8344010726160516, 0.8323747495899281, 0.8365316101894505, 0.8322268739746939, 0.8312897363968221, 0.8334922093859201, 0.8386816600338629, 0.8397084425645205, 0.8365822801208005]"
0,iemocap_4,atv,50,4,4,8,256,0.1,"[4.987084269523621, 3.597604274749756, 2.74871563911438, 2.178657293319702, 1.7460585236549377, 1.5332821607589722, 1.2878352403640747, 1.0305489003658295, 1.031251683831215, 0.7499188706278801, 0.8108981847763062, 0.6016465872526169, 0.4725475534796715, 0.5579301342368126, 0.31204645335674286, 0.2902934178709984, 0.3126476891338825, 0.3875052258372307, 0.27307949028909206, 0.26562658697366714, 0.2592158280313015, 0.19056102447211742, 0.1445375345647335, 0.15054549649357796, 0.09580870158970356, 0.1133948490023613, 0.08256920333951712, 0.07994385156780481, 0.0878413449972868, 0.09305774793028831, 0.08563243132084608, 0.0570691991597414, 0.06684086471796036, 0.057158226147294044, 0.0881455335766077, 0.056533457711339, 0.18059617280960083, 0.06350000761449337, 0.07498393766582012, 0.12161198072135448, 0.07107112742960453, 0.061707074753940105, 0.050907786935567856, 0.06335833482444286, 0.0587272709235549, 0.06468383222818375, 0.10307458229362965, 0.09182250592857599, 0.062320209108293056, 0.0521476324647665]","[0.5398940627766322, 0.5584281300950606, 0.7284235105629733, 0.7670250341800048, 0.7989181103177893, 0.8197880284269029, 0.8292732758301556, 0.808030819050441, 0.7504335689760029, 0.7946084117032393, 0.8375592607445025, 0.7674069986496173, 0.8559110024693574, 0.8416959344945587, 0.7339238331814059, 0.7880152109219519, 0.8034436556913236, 0.7999831657213744, 0.7999069546099498, 0.8053106554353172, 0.811729468065661, 0.7538938365716271, 0.7771024888952819, 0.7791299354352533, 0.7996498155863684, 0.7993829076056681, 0.8050235600946788, 0.8025137898924651, 0.8024756011700225, 0.8001377737705565, 0.8005942335354729, 0.8008896692845227, 0.7983959326803478, 0.8008896692845227, 0.7983877204384526, 0.8008896692845227, 0.8129110323028295, 0.8152602679120475, 0.8152602679120475, 0.8126860579437002, 0.8103179567326068, 0.8078591238967728, 0.8078591238967728, 0.8054079431532466, 0.8054079431532466, 0.8078591238967728, 0.8103271345188, 0.8053183179121528, 0.8101775731834482, 0.8101775731834482]","[0.591118738370341, 0.6549759979446769, 0.7513121131920851, 0.764385112481262, 0.8011440879688377, 0.8134916263769703, 0.8113327808387286, 0.772388098709037, 0.7925797733889088, 0.8044868198353257, 0.8308062822771346, 0.7793469301776605, 0.814882893738826, 0.8367225176367992, 0.7573928148827662, 0.8028466551240311, 0.8037470798960193, 0.8007668293510678, 0.7741285178113314, 0.8095104304666356, 0.7931731100557491, 0.7864493281290692, 0.8048990295705541, 0.8121825696292552, 0.8226121830681951, 0.8234560627591468, 0.8237038962697603, 0.8229050158015415, 0.8258569070186969, 0.8236688538620841, 0.8217809846993597, 0.8154571539271998, 0.8176741417038342, 0.8153855555986923, 0.8130718063218927, 0.8174914460472019, 0.820898838480201, 0.820898838480201, 0.8208996374175602, 0.823886425677294, 0.8196622985323988, 0.820741342710818, 0.8217549728044876, 0.8217014986300079, 0.8226463898818361, 0.8217549728044876, 0.8197580810538521, 0.822800841476154, 0.8249309489657485, 0.8228156955097602]"
0,iemocap_4,atv,50,10,10,2,128,0.1,"[5.215036034584045, 4.277962744235992, 3.5245054364204407, 2.9430737495422363, 2.6175347566604614, 2.4194811582565308, 2.1429224610328674, 1.8580785393714905, 1.7166836261749268, 1.4562092423439026, 1.3990930020809174, 1.1906541883945465, 1.1182449162006378, 1.0192180275917053, 0.8424684703350067, 0.8108241707086563, 0.704679474234581, 0.6729396432638168, 0.6260099112987518, 0.5727082416415215, 0.49430476129055023, 0.44957277178764343, 0.32579999417066574, 0.2782498486340046, 0.24206195771694183, 0.22879130765795708, 0.17083001881837845, 0.14447530545294285, 0.144770797342062, 0.13564420118927956, 0.19394282437860966, 0.12592743709683418, 0.1358384657651186, 0.12146790325641632, 0.1720266118645668, 0.1191438864916563, 0.15276508778333664, 0.1183505691587925, 0.12360536307096481, 0.10937907919287682, 0.142923379316926, 0.11307513527572155, 0.10833147913217545, 0.15458525717258453, 0.12023086287081242, 0.11644742079079151, 0.14679238200187683, 0.11290016211569309, 0.09730323031544685, 0.10369441285729408]","[0.478909187506831, 0.6019806214993182, 0.6405682039163559, 0.7128473383938502, 0.7205777379400261, 0.7257419598395475, 0.7824684723653441, 0.758153384990791, 0.7856996217213147, 0.8011227552057811, 0.8048690031492359, 0.7884259828718274, 0.8150466994982314, 0.8084941488079969, 0.8298649733156774, 0.8091486997696821, 0.8324592367525522, 0.8288852552257479, 0.7960817272111932, 0.8341028770435094, 0.8228305146842128, 0.8574229634855606, 0.8248666056331906, 0.8190578642190793, 0.823808367027976, 0.8603538321980402, 0.8583412660633465, 0.8592196704067322, 0.8526645984659988, 0.8503192155655079, 0.8433263878516306, 0.8422513048582171, 0.8398389493666113, 0.8468785197596188, 0.8458312480927678, 0.8468847330367076, 0.8470928737331695, 0.844710172100848, 0.8423276973918632, 0.8400607155090957, 0.8427911628478523, 0.8427911628478523, 0.8380415189474053, 0.8380415189474053, 0.8356785679338178, 0.8409059328977473, 0.8409059328977473, 0.838379556804609, 0.838379556804609, 0.838379556804609]","[0.44815386138622065, 0.6740632716835075, 0.7170878111816631, 0.7583306317272, 0.7211610837335997, 0.7743637861659499, 0.786219974528777, 0.7882954986131041, 0.8012877226208917, 0.7965446759445558, 0.8167145355054809, 0.7788378605428768, 0.8011210425434897, 0.7835101691323233, 0.8109223664746822, 0.7893274911081484, 0.7970187933181793, 0.7656695291024532, 0.7571828565113964, 0.7642038475101985, 0.7849173979457764, 0.8071595573760839, 0.7764889837986617, 0.7960367587794012, 0.7705588658952177, 0.8027528234274205, 0.799609758911409, 0.7887156738780058, 0.7926632114209896, 0.7925048891352662, 0.7902664913506762, 0.7836875860080602, 0.7858942861896363, 0.7935261368784573, 0.7980912599838721, 0.7993748843491731, 0.7983325684909675, 0.8004130064902694, 0.7983064789448602, 0.8003859595892583, 0.8004018600326959, 0.7993028512516348, 0.7970732794483244, 0.7970643094433331, 0.7937007443867811, 0.7926300315765402, 0.7895531970536982, 0.7915665804864956, 0.7925916242628661, 0.7915665804864956]"
0,iemocap_4,atv,50,10,10,3,128,0.1,"[5.08954119682312, 4.11617374420166, 3.392760157585144, 2.8711676001548767, 2.5475577116012573, 2.321780413389206, 2.0196401178836823, 1.7322975993156433, 1.6471132338047028, 1.3928819000720978, 1.308517575263977, 1.1702288687229156, 1.0705167949199677, 1.0382300913333893, 0.7894243076443672, 0.7631896287202835, 0.653340145945549, 0.6522987484931946, 0.5895117744803429, 0.46962592750787735, 0.42349739372730255, 0.3487927056849003, 0.26326777040958405, 0.2700268626213074, 0.21620748564600945, 0.28986286371946335, 0.16143812611699104, 0.1383349597454071, 0.15610219165682793, 0.15194876492023468, 0.1898170430213213, 0.12876454927027225, 0.14075403474271297, 0.11564584821462631, 0.15262899920344353, 0.11450766585767269, 0.13982385210692883, 0.12116922065615654, 0.12076755613088608, 0.12776551023125648, 0.14810580387711525, 0.11583661288022995, 0.1060814131051302, 0.13851231150329113, 0.12321353331208229, 0.11463023535907269, 0.13191564939916134, 0.12507227156311274, 0.10073055140674114, 0.10740317218005657]","[0.5265349666740988, 0.6273703885825956, 0.6790336409313195, 0.7341534363948543, 0.7248635021366553, 0.7535609663181385, 0.766238553514144, 0.7850866843138462, 0.802088990598307, 0.8201278258823541, 0.7934106563236998, 0.8066101809213696, 0.8298721887263136, 0.8501281479256306, 0.7749947482381514, 0.8332800925483297, 0.8401563581077853, 0.8244707691856256, 0.8440647981892196, 0.8344879791873119, 0.8251875470177596, 0.833364258096401, 0.817726679442815, 0.7970910473980917, 0.7817929722343564, 0.8155515084085272, 0.8421385038388904, 0.8180895862879979, 0.8117526380093929, 0.8379823098357582, 0.8381395336035616, 0.8310004668196713, 0.8357147803267476, 0.8403503497734229, 0.8369695421793955, 0.848913507989595, 0.8460886679835415, 0.8441149945916001, 0.8417594320695888, 0.8417953144940644, 0.8394418112689283, 0.8394418112689283, 0.837096711952614, 0.837096711952614, 0.8421411869773618, 0.8445661414137007, 0.8473615691932315, 0.8424181633737328, 0.837096711952614, 0.8396275338344062]","[0.5686910031182207, 0.6646189655360272, 0.7505558175413213, 0.7530415184631328, 0.7813385398563206, 0.8046461167821051, 0.8015314690692478, 0.8080057410715328, 0.8048976603447511, 0.8141596371670778, 0.8012411828174689, 0.7684735611484997, 0.8031982895179649, 0.8263688387541521, 0.7815557145725223, 0.8182869878810665, 0.8125900992446539, 0.7831778168310426, 0.8273762651426515, 0.7712685708358203, 0.7955466177896451, 0.8325018053910764, 0.7789604642282708, 0.7848974269949587, 0.7393133761400841, 0.7880710321128577, 0.8107680560998949, 0.8054970117066897, 0.7985436413276301, 0.7963965347783081, 0.7889409310398601, 0.7821517876127314, 0.7907779986145912, 0.7963911006223883, 0.7999355011649486, 0.8087496656434892, 0.8077012350652227, 0.8066523939226643, 0.8034579016175388, 0.8043028720796362, 0.8032719577929763, 0.8021493410817581, 0.8020338466940412, 0.8030362681596063, 0.8019610627861463, 0.8009118727928671, 0.8010342343427639, 0.8008647309082313, 0.8009369029305627, 0.8009369029305627]"
0,iemocap_4,atv,50,10,10,4,128,0.1,"[5.2480610609054565, 4.315817475318909, 3.5358529090881348, 2.969378888607025, 2.678804099559784, 2.449858605861664, 2.1015323400497437, 1.818924993276596, 1.7214088141918182, 1.4337953329086304, 1.3660613894462585, 1.1722650527954102, 1.0365819185972214, 0.9445401579141617, 0.7936690747737885, 0.7582997828722, 0.6670589745044708, 0.6483331918716431, 0.5652825459837914, 0.46080783009529114, 0.42707786709070206, 0.4353097081184387, 0.3791326433420181, 0.330654788762331, 0.3073093518614769, 0.3039851151406765, 0.20566939562559128, 0.15980704501271248, 0.14219016581773758, 0.1375611647963524, 0.151100130751729, 0.11353334598243237, 0.11933606676757336, 0.09401613380759954, 0.15105589479207993, 0.09371602162718773, 0.11447468213737011, 0.08926203846931458, 0.08197969757020473, 0.08640656620264053, 0.11446684412658215, 0.08545839134603739, 0.07190834358334541, 0.10390475299209356, 0.09167161583900452, 0.08541835099458694, 0.11184854619204998, 0.09335347171872854, 0.06870594155043364, 0.07331023178994656]","[0.5344493658216759, 0.5747444360124337, 0.6121295377547044, 0.6606974097331241, 0.7576169019095054, 0.7431464961804628, 0.7609329778949404, 0.7510441140856908, 0.7721383819395116, 0.8252783499482846, 0.7995401030165348, 0.7975563386505236, 0.8214198424007617, 0.8270831513619125, 0.7795284623682683, 0.8275729387272645, 0.863124959835486, 0.8510562735959586, 0.8345859646452537, 0.8496610468041514, 0.8040301626674767, 0.8078944032094717, 0.7651651449383824, 0.8164548926180253, 0.756715684093437, 0.8324863604705155, 0.8326857946261971, 0.8512585409308285, 0.836958479921243, 0.826339086467099, 0.8331339954016755, 0.8348357101731497, 0.8371259920089688, 0.8368808419586448, 0.8424726469182989, 0.8367211752519634, 0.8313837265035839, 0.8347704752816102, 0.8408052101326483, 0.8358686997875735, 0.8359898196195459, 0.8383073448521323, 0.8408052101326483, 0.8383073448521323, 0.8384064324069894, 0.8384064324069894, 0.8433263878516306, 0.8433263878516306, 0.8433263878516306, 0.8433263878516306]","[0.536865191267382, 0.6326710680951836, 0.7068017862018147, 0.6998813940695467, 0.7608409709731693, 0.7745029367268242, 0.7873289662941705, 0.804826038688676, 0.7949554013318696, 0.8206866790063361, 0.8217268178537549, 0.8031840457995847, 0.8228103606166313, 0.8152824968335871, 0.7447071445582851, 0.8121724220156896, 0.8133739559270601, 0.7945666481284784, 0.7953364011550823, 0.7780910372373244, 0.7621396226168503, 0.7729144674221032, 0.7525317132582678, 0.7562066799205038, 0.7202813291464251, 0.7988919180611811, 0.8116016658826427, 0.7929396152909424, 0.777128120528458, 0.7766011669191748, 0.7749019017463479, 0.787182354319795, 0.7927288372245391, 0.7947842080881115, 0.7958000148783705, 0.7946295680622074, 0.7944237174052626, 0.788736870712636, 0.7896032594467338, 0.7883351058572674, 0.7884526815576357, 0.7884526815576357, 0.7874633725540438, 0.7906793172297535, 0.7908436195354874, 0.7909251940906712, 0.7898815656249545, 0.794097087950277, 0.7909255282988106, 0.7899174813091626]"
0,iemocap_4,atv,50,10,10,5,128,0.1,"[5.201712250709534, 4.198556363582611, 3.4826743602752686, 2.9498432874679565, 2.6195924878120422, 2.3965997099876404, 2.1082638800144196, 1.7985358536243439, 1.671147108078003, 1.4026427865028381, 1.3337969779968262, 1.1685350835323334, 1.044329285621643, 0.8989711105823517, 0.7582010254263878, 0.683898851275444, 0.6518330276012421, 0.6035935953259468, 0.5718097165226936, 0.5083813816308975, 0.5827404335141182, 0.4313362166285515, 0.34029127284884453, 0.34434130042791367, 0.21512006968259811, 0.28780610114336014, 0.19906343705952168, 0.16991220600903034, 0.209662526845932, 0.14625939168035984, 0.16060618683695793, 0.11553324572741985, 0.11512945964932442, 0.11028527095913887, 0.16146289370954037, 0.09979245439171791, 0.14079987071454525, 0.09570784866809845, 0.10946756973862648, 0.11511781997978687, 0.12558049149811268, 0.10126918740570545, 0.08797419629991055, 0.12559296935796738, 0.09697447903454304, 0.09965435974299908, 0.13198521919548512, 0.1092848340049386, 0.08564235456287861, 0.08511229790747166]","[0.5817265544365704, 0.5918098076537769, 0.638372452222886, 0.6912103355801986, 0.7205996122361684, 0.7463009607087213, 0.7560541919768123, 0.7524334480176205, 0.7618585408674423, 0.7888558597781217, 0.7936546970422339, 0.8337230386541475, 0.8317054185861674, 0.8567346719862698, 0.8338962105969148, 0.8284236983946286, 0.8573449988449989, 0.8266782076005073, 0.8658742689965798, 0.8331968122865195, 0.8428676163957499, 0.8144606434880789, 0.8448186210208374, 0.8321321391169217, 0.8341632435025292, 0.8499703590104585, 0.8357415331300792, 0.8503220629433536, 0.8511074244158543, 0.8475437515680899, 0.8385279397044103, 0.8363725551536112, 0.8386791520644309, 0.8506626522382409, 0.8527205349128618, 0.851847441016334, 0.8566584451176338, 0.8542653693314634, 0.8573999498128108, 0.8573999498128108, 0.8573999498128108, 0.8573999498128108, 0.8573999498128108, 0.8573999498128108, 0.8549899412571054, 0.8551311013077139, 0.8527328731433103, 0.8477965916805775, 0.8525785761994156, 0.8551311013077139]","[0.5231694762638929, 0.6415401548878467, 0.7453085171867788, 0.7377977025548339, 0.7515950908721436, 0.7782952574265096, 0.7973287251190722, 0.7852614081942522, 0.7808730423039744, 0.8155357304914401, 0.7912239552743208, 0.8301740160318435, 0.8136485925364133, 0.8104855681901958, 0.7615640844483185, 0.7945741888072738, 0.8308547277556244, 0.7513153624337964, 0.8365898966161688, 0.7849851296550376, 0.8021957861805145, 0.758694582953949, 0.818552185162305, 0.7931518092745594, 0.7949308098325837, 0.8103945556607752, 0.7892182227769288, 0.8267085336791763, 0.8276337811042386, 0.8152855037080803, 0.8010815520331502, 0.8017765235344485, 0.8127717891236778, 0.8180619224261565, 0.8266477648650452, 0.830094095108316, 0.8313411711547761, 0.8270793485312268, 0.8192780073370919, 0.822399198376335, 0.8192171089570571, 0.821401908764295, 0.824611780543301, 0.824611780543301, 0.8255396469580705, 0.8257516938834587, 0.8237244961020144, 0.8276908101065684, 0.8246346140853309, 0.8246500716346601]"
0,iemocap_4,atv,50,10,10,6,128,0.1,"[5.110235929489136, 4.178695917129517, 3.436424136161804, 2.879578411579132, 2.5762436389923096, 2.3287603855133057, 1.9898401498794556, 1.6785460710525513, 1.6050107777118683, 1.3563167750835419, 1.262113630771637, 1.1239522695541382, 0.9751248508691788, 0.8874384164810181, 0.7312719002366066, 0.6392880827188492, 0.5677228420972824, 0.5311467722058296, 0.5431290045380592, 0.45336663722991943, 0.43920136988162994, 0.47512518614530563, 0.2876698300242424, 0.2968388460576534, 0.22213409468531609, 0.2304537072777748, 0.20486288890242577, 0.18417266570031643, 0.18741032853722572, 0.18973073363304138, 0.2069525271654129, 0.16175491362810135, 0.17297744750976562, 0.151421420276165, 0.19937335327267647, 0.14715273305773735, 0.2200334519147873, 0.16121242195367813, 0.16119753941893578, 0.18897929787635803, 0.18695589154958725, 0.15416859462857246, 0.13704687170684338, 0.1757898796349764, 0.15212387591600418, 0.1566909309476614, 0.20289543643593788, 0.17885075323283672, 0.1454156804829836, 0.1424222644418478]","[0.47510652167882594, 0.5337014489449295, 0.6997894689974118, 0.7682306523272847, 0.7473022917559198, 0.7900997756393542, 0.7776138326078719, 0.7389435889750604, 0.7501172447429674, 0.8260515964930605, 0.7573434603937266, 0.8445971837500431, 0.8098301928410501, 0.8414938863161845, 0.8194961165010588, 0.8084173964104265, 0.8140878014138068, 0.8527125237804312, 0.8069218770039758, 0.843788687110677, 0.778224520023023, 0.8459588251031012, 0.833949058212829, 0.8355659539170578, 0.8450034499990808, 0.856011080588805, 0.8628768070171188, 0.8629456485349192, 0.8598641999774408, 0.8558585508136987, 0.8537582763053538, 0.8515397522312683, 0.8516048739253747, 0.8560791441265746, 0.8560791441265746, 0.8560791441265746, 0.8585116331658679, 0.8585116331658679, 0.8585116331658679, 0.8609529607654852, 0.8585116331658679, 0.8559939290799057, 0.8585116331658679, 0.8559939290799057, 0.8559939290799057, 0.8585116331658679, 0.8585116331658679, 0.8585116331658679, 0.8609529607654852, 0.8609529607654852]","[0.5215457661282479, 0.6311240623563528, 0.7504187065028974, 0.7464027263907557, 0.7689736625660203, 0.7853013845038523, 0.7911477911391678, 0.7892784821902974, 0.7531604327581031, 0.8241539160658948, 0.7665200582026992, 0.823021250875042, 0.7836104953687443, 0.8193395182758468, 0.7547727288600206, 0.8022409169869982, 0.7980894808217541, 0.7845120848184144, 0.7857635371871569, 0.8028254490398748, 0.7480016618694153, 0.8039883989451067, 0.8035490576052361, 0.812525384961863, 0.8246985970396686, 0.8266613491249715, 0.8181130260137235, 0.8159395826237189, 0.8136798484038759, 0.8087284811581993, 0.8068064874517062, 0.8121598030596509, 0.8142942756664917, 0.8152026614349137, 0.815066386366729, 0.8152514568583806, 0.8154922967560727, 0.8165670175946733, 0.816374726761395, 0.8152939878838309, 0.8153025525038295, 0.8142232840278562, 0.8152388429897061, 0.8142119939766084, 0.8118959739450096, 0.8152388429897061, 0.8142232840278562, 0.8152939878838309, 0.8142119939766084, 0.8142119939766084]"
0,iemocap_4,atv,50,10,10,7,128,0.1,"[5.044149160385132, 4.0395947098731995, 3.3206206560134888, 2.847458839416504, 2.5392712354660034, 2.3033916354179382, 1.967528760433197, 1.6828599274158478, 1.5887829661369324, 1.3268193900585175, 1.3302473425865173, 1.1220360845327377, 0.9664773344993591, 0.8850279152393341, 0.7367458269000053, 0.6289694607257843, 0.5534801930189133, 0.6005304753780365, 0.5246256068348885, 0.481600858271122, 0.4080652594566345, 0.4014124870300293, 0.28214241191744804, 0.2781413644552231, 0.21776142716407776, 0.23882246762514114, 0.17147807776927948, 0.13381080515682697, 0.1316364724189043, 0.11112893372774124, 0.12008967064321041, 0.07416966557502747, 0.08227961976081133, 0.06515071541070938, 0.120507026091218, 0.05912879388779402, 0.11900119762867689, 0.06397635862231255, 0.0662955790758133, 0.08827342558652163, 0.10220231115818024, 0.07127311639487743, 0.049492535181343555, 0.07782209012657404, 0.06330329831689596, 0.06626551225781441, 0.08761169854551554, 0.08071867376565933, 0.05201095435768366, 0.057302262634038925]","[0.45484969547212506, 0.5642295572074985, 0.6411941404851415, 0.690359264117133, 0.7604659276971114, 0.7434867271001897, 0.7590523428363819, 0.7534441394147874, 0.75028602283444, 0.8201043762132426, 0.8116196427278131, 0.8433032699259131, 0.8442864772946502, 0.7944026191297453, 0.85490706061708, 0.8591909318865646, 0.8164577927432655, 0.8659512875409101, 0.8608036393079456, 0.8220450932998784, 0.8206370834276562, 0.8141273496873497, 0.804028380831279, 0.8064037621982537, 0.7824027528855114, 0.82247464108526, 0.8282729350575927, 0.8228448546739984, 0.8288131614495252, 0.8118555097853206, 0.8167829007945981, 0.8217468973289692, 0.82415416625697, 0.828913216736249, 0.828913216736249, 0.8284699970527556, 0.8333076138177508, 0.8262439200626094, 0.8216362403182229, 0.8196418249634533, 0.8100612043576316, 0.8100612043576316, 0.8126594613816428, 0.8126594613816428, 0.8100612043576316, 0.8100612043576316, 0.8200729502948717, 0.817509532206949, 0.8246023326707094, 0.8246023326707094]","[0.5210392797876228, 0.5986850863019646, 0.6732544675295996, 0.693169577843122, 0.7596492558133701, 0.7837507700433419, 0.79998022106716, 0.7964431790996842, 0.7800435934326689, 0.8298547824680556, 0.8235138267890525, 0.8317550227324201, 0.8001932863523777, 0.7839963810493523, 0.8349544536290928, 0.7972888246950995, 0.7864259218365057, 0.8096731823407541, 0.798055890560215, 0.8044869861258761, 0.7696245242914468, 0.8034923567452672, 0.8097542810168155, 0.7948286991997245, 0.7880391730511187, 0.8275413184350067, 0.8036279855716062, 0.813239711365763, 0.8157827286334138, 0.7933362974804471, 0.7990758928892527, 0.8038925638820765, 0.8074583702003192, 0.8085120113335591, 0.8093969599179017, 0.8064231821894873, 0.8064370356894639, 0.8083095204611184, 0.8134758949531606, 0.8132396692069739, 0.8098104482066099, 0.8098505050949029, 0.8088571735562191, 0.8099449776523613, 0.812047966111108, 0.8081036853909817, 0.8062255473353591, 0.8090886374444658, 0.8091646777866306, 0.8080407651192417]"
0,iemocap_4,atv,50,10,10,8,128,0.1,"[5.147128343582153, 4.100390136241913, 3.404074013233185, 2.9048571586608887, 2.581616222858429, 2.352650374174118, 1.9729552567005157, 1.6804789304733276, 1.5623366236686707, 1.3057454228401184, 1.2649601995944977, 1.091375544667244, 0.96957628428936, 0.8760762810707092, 0.7718393057584763, 0.6712334454059601, 0.6074260175228119, 0.6236445680260658, 0.6332267373800278, 0.4989953860640526, 0.5275185480713844, 0.3518083170056343, 0.3923323452472687, 0.3334348127245903, 0.2572006694972515, 0.29084861651062965, 0.22337526828050613, 0.1982712596654892, 0.19948700070381165, 0.21297623962163925, 0.20036770403385162, 0.1672457717359066, 0.17513729445636272, 0.1633733343333006, 0.21853095293045044, 0.14619960449635983, 0.24654795043170452, 0.15236451476812363, 0.17193108797073364, 0.19864622130990028, 0.19086747989058495, 0.15916538052260876, 0.14280280098319054, 0.19648539274930954, 0.15230926498770714, 0.1583937630057335, 0.20760153234004974, 0.18618718907237053, 0.14417312294244766, 0.1447242870926857]","[0.5297095583273278, 0.5611070103307607, 0.6122221261583085, 0.7107399270794711, 0.739056780739871, 0.8023001683001683, 0.7577580338603344, 0.7281874719232359, 0.7859618595064274, 0.8271560114331199, 0.7962751175764875, 0.8070052880398965, 0.8465839809573107, 0.7697371133158353, 0.8221877100199437, 0.8349957830140952, 0.7938212362911267, 0.844261132073861, 0.8427650979383653, 0.8032406092171718, 0.8374956379759142, 0.8365162570404506, 0.8282619407838573, 0.8208645931453803, 0.8221887719063184, 0.8437780854203152, 0.8365965547738842, 0.8323635842467959, 0.830057157216766, 0.8347941227040444, 0.8300518662839599, 0.8299515850821225, 0.8273892191182206, 0.8340411935916334, 0.8360555359792408, 0.8360555359792408, 0.8384636020885694, 0.8384636020885694, 0.8384636020885694, 0.8336196596959395, 0.8384636020885694, 0.8360277258052682, 0.8360277258052682, 0.8360277258052682, 0.831216886604045, 0.8338567516237232, 0.8339315268687466, 0.8388613935420257, 0.8362447033344654, 0.8362447033344654]","[0.5613637426420789, 0.6066854201968425, 0.6798109992060899, 0.723445939011909, 0.7674525115646562, 0.7830699862056267, 0.7910977785282813, 0.7906825173325169, 0.7938776348170465, 0.8276326283524746, 0.8064551262389464, 0.8211680484813599, 0.80181013212617, 0.7435232486741346, 0.7612962297066863, 0.8079714217653593, 0.7720058033565392, 0.8169598728061187, 0.7942054312954269, 0.7967848977802575, 0.7568652222873543, 0.805031447752309, 0.8060926254860539, 0.7883252932413254, 0.8027280588358011, 0.8046436099357412, 0.811899953813298, 0.8076255652114686, 0.8087050399423176, 0.8066079917540221, 0.8077037412764948, 0.8123081550954623, 0.8166098354016811, 0.8186646018643544, 0.8196966170901717, 0.8186608984577729, 0.8187726361769702, 0.8177014054065321, 0.8187134523990413, 0.8187130143050534, 0.8175210941946794, 0.8186123711786245, 0.8186331575082016, 0.8186331575082016, 0.8175944859442272, 0.8143571324821979, 0.8155590909696379, 0.8186389814586285, 0.8164753352085187, 0.8164753352085187]"
0,iemocap_4,atv,50,10,10,2,256,0.1,"[5.08092737197876, 3.8888561725616455, 3.0374385714530945, 2.4861113131046295, 2.1665593087673187, 1.9296163618564606, 1.6722707748413086, 1.4110678136348724, 1.286846786737442, 1.1177415996789932, 1.0375413596630096, 0.9244551062583923, 0.8072309494018555, 0.745110809803009, 0.5142808184027672, 0.48597023636102676, 0.41683533042669296, 0.40565958619117737, 0.3711910545825958, 0.3887668736279011, 0.3504350893199444, 0.3297824263572693, 0.28265778720378876, 0.22509768046438694, 0.15488629788160324, 0.16660020127892494, 0.13389757089316845, 0.10722596012055874, 0.099461255595088, 0.09657534025609493, 0.1541212685406208, 0.08380107767879963, 0.09197551012039185, 0.0810240339487791, 0.12078209966421127, 0.07551880273967981, 0.12208674848079681, 0.08098933007568121, 0.08867371082305908, 0.08428497798740864, 0.09698433615267277, 0.07535971887409687, 0.07049001008272171, 0.10204503033310175, 0.07602855376899242, 0.07624230161309242, 0.11398582998663187, 0.08291592821478844, 0.0651858551427722, 0.06488459464162588]","[0.5163981598859649, 0.5878752940597411, 0.734136252937474, 0.7906981512605042, 0.7749201165517349, 0.7920632676895817, 0.8149613509096268, 0.7752672196490379, 0.8187953162579249, 0.7613729821580288, 0.7910154006095305, 0.7989906529348545, 0.8281056509117076, 0.844355925826448, 0.8200948428764218, 0.8520582824313374, 0.8514886885423971, 0.839719583757995, 0.8282603599362699, 0.8223240372407403, 0.8280769614026114, 0.8415778684303574, 0.819206164307714, 0.7970466115176583, 0.8179501056610341, 0.8222736026701903, 0.831176888823023, 0.8229267259801315, 0.8169024490002751, 0.8171137570794322, 0.8088682734167026, 0.8174560689582216, 0.8153622976748646, 0.8180024551318748, 0.8242280429304752, 0.8256987272833954, 0.8229462959265073, 0.8256987272833954, 0.8256987272833954, 0.8233731151026206, 0.8259200925168172, 0.8259200925168172, 0.8286483229938311, 0.8286483229938311, 0.8288537611997853, 0.8288537611997853, 0.8288537611997853, 0.8288537611997853, 0.8311833019929585, 0.8311833019929585]","[0.5823640533879, 0.6719449197813909, 0.7602220594039921, 0.7784082123399844, 0.7925648800307487, 0.8260136537582838, 0.8008610407369046, 0.8044539580616389, 0.7923275094202092, 0.7792039933218987, 0.7721459931838727, 0.7673730123343162, 0.7975833869731995, 0.8187571387196436, 0.7742777944780319, 0.8159837944206902, 0.7986437889869724, 0.8055912674905351, 0.8019113741352552, 0.8117754093731726, 0.7687886789243967, 0.8225649457566128, 0.8105477100812443, 0.7887163353581217, 0.7957611620044059, 0.7998405226751961, 0.8123329013922534, 0.8203480845806129, 0.8169732692560021, 0.808277629129972, 0.8085468980778533, 0.8145479317126372, 0.815616343667173, 0.8199951640846801, 0.8198875699261557, 0.82616912288865, 0.8240620870476325, 0.8251748718693249, 0.8241304782130167, 0.8273507066816957, 0.8253139338600896, 0.8231337969696962, 0.8199368381423664, 0.8188217551355591, 0.8188217551355591, 0.8178231925423478, 0.8189355752840589, 0.8188411924326248, 0.8199174560472062, 0.8188411924326248]"
0,iemocap_4,atv,50,10,10,3,256,0.1,"[5.025346636772156, 3.851593255996704, 2.9916951656341553, 2.4006455540657043, 2.0177875459194183, 1.8239502012729645, 1.607122927904129, 1.3108417093753815, 1.2777857184410095, 1.0766481012105942, 1.0490450263023376, 0.8774241507053375, 0.7003743052482605, 0.6878862380981445, 0.5356155261397362, 0.45976001769304276, 0.4568413496017456, 0.4727233573794365, 0.45779746770858765, 0.3714451566338539, 0.46509725600481033, 0.3610319048166275, 0.2554798871278763, 0.2493608370423317, 0.1699749305844307, 0.17753766849637032, 0.1466562431305647, 0.13452100194990635, 0.12488303892314434, 0.13534598052501678, 0.1359574142843485, 0.10441277548670769, 0.10956128127872944, 0.09554334916174412, 0.12616886012256145, 0.0833881963044405, 0.14848116226494312, 0.09541834890842438, 0.10155938565731049, 0.12956812605261803, 0.10808299481868744, 0.10474701412022114, 0.08203594572842121, 0.11727083474397659, 0.09606874734163284, 0.09982156939804554, 0.14132636040449142, 0.12052047811448574, 0.08753595687448978, 0.08826975896954536]","[0.5390980654957456, 0.613934488129533, 0.7600558148331167, 0.8003768722710441, 0.7730919821709057, 0.7820828047921071, 0.7751460520545004, 0.7774747509300926, 0.7070559314473982, 0.8399953199762197, 0.8210431996135498, 0.8089610310472011, 0.8659539296083776, 0.8068745232328322, 0.8038606974515261, 0.8369827453773213, 0.8010996425707302, 0.8114090661191493, 0.824270763395251, 0.7432833685416252, 0.8205791580969765, 0.7570950410686231, 0.8113982449348301, 0.8153556316206719, 0.8082423891519724, 0.8107775940930264, 0.8106049158063844, 0.8057956968994495, 0.8129388751630051, 0.8127174313716892, 0.8078600290385909, 0.8126939189131736, 0.8102229527454138, 0.805394007762591, 0.805394007762591, 0.805394007762591, 0.819961837488191, 0.8177186444895296, 0.8225407603815733, 0.817636329599857, 0.8175233646761917, 0.8126919753307221, 0.8079463853507965, 0.8054812020384327, 0.805394007762591, 0.8077776093045915, 0.8077776093045915, 0.8103942198888486, 0.8151611054937647, 0.8103942198888486]","[0.5794992693701033, 0.6321826297899921, 0.7399464089264945, 0.7566728702280079, 0.7680667431829655, 0.7941072759101976, 0.8029274992392049, 0.7917563710590815, 0.7332753067124377, 0.8305405488165853, 0.8226624486395087, 0.8016041820113498, 0.8163284388934758, 0.7952649980513714, 0.784039825380947, 0.7836397734504318, 0.7629660343010779, 0.7890187360349458, 0.7984958295091676, 0.7215691315294449, 0.7695714758548483, 0.7581124990103034, 0.8140800802806454, 0.7915517945057372, 0.7873156526446657, 0.8002448595391143, 0.8087402406736821, 0.8101640421770391, 0.8139712623236894, 0.819195302304195, 0.8156607726967187, 0.8125678789385833, 0.8136675972660632, 0.815993302710349, 0.8180596092264772, 0.8204607230768552, 0.8238732363403857, 0.8217539409735752, 0.8217539409735752, 0.8205812817679532, 0.8238315962002267, 0.8238315962002267, 0.8216637436101865, 0.8227291778061674, 0.8204198708845959, 0.8216637436101865, 0.8217236736905976, 0.8194837318143989, 0.8227291778061674, 0.8227291778061674]"
0,iemocap_4,atv,50,10,10,4,256,0.1,"[5.003225326538086, 3.778807282447815, 2.926050066947937, 2.3885228633880615, 2.050187200307846, 1.8756349086761475, 1.614254653453827, 1.3507059514522552, 1.2712051570415497, 1.0405779331922531, 1.0152820497751236, 0.8522884845733643, 0.7033031135797501, 0.7226053476333618, 0.5357669368386269, 0.4634624868631363, 0.49429383128881454, 0.5255508869886398, 0.45883241295814514, 0.3728337697684765, 0.42511090636253357, 0.4659962020814419, 0.22912057489156723, 0.25996004045009613, 0.1631060242652893, 0.17831553891301155, 0.1633166130632162, 0.13712989911437035, 0.15401103533804417, 0.13764952681958675, 0.14464428834617138, 0.10359366424381733, 0.11495506204664707, 0.10200611315667629, 0.15142495185136795, 0.09281617403030396, 0.17116290889680386, 0.09865591861307621, 0.11071482114493847, 0.13787963427603245, 0.12322989292442799, 0.10118523612618446, 0.08524449821561575, 0.13315476849675179, 0.10242659784853458, 0.10284476168453693, 0.13178294710814953, 0.13033072650432587, 0.09118402935564518, 0.08816772699356079]","[0.551003808316532, 0.5822131805682211, 0.6634351545928984, 0.7583504194635969, 0.7939114428291921, 0.7765341600108845, 0.7846106816090088, 0.7889434193983219, 0.7714980885018758, 0.8338268151546022, 0.8012603438131837, 0.8251540677945602, 0.8450652980559813, 0.8331119129626592, 0.7869293393617659, 0.8161642061642062, 0.8077842188753271, 0.8460283702023065, 0.8300221771822041, 0.81726838523882, 0.7976459354854712, 0.7643673130198481, 0.8303006313078397, 0.79541058402831, 0.8004361046616291, 0.8075454486906157, 0.8123461160361429, 0.8147228179978255, 0.8165420607902846, 0.8189641838590788, 0.8118763476635419, 0.8198812544380492, 0.8199160984102104, 0.8197501165577878, 0.8197152725856267, 0.8145685549416432, 0.8170669679594705, 0.8221393459685322, 0.8196928694332669, 0.8147334470019894, 0.8170669679594705, 0.8171934981155765, 0.8171934981155765, 0.8172500278278682, 0.8197152725856267, 0.8171934981155765, 0.8221393459685322, 0.8172500278278682, 0.8147334470019894, 0.8172500278278682]","[0.5987720086571545, 0.6616745602346931, 0.7632009595355591, 0.7575603073582993, 0.7810700773041692, 0.771472537752085, 0.7845552705448099, 0.7802020015178538, 0.758480673779827, 0.8208947752025568, 0.820104568193295, 0.815985794184662, 0.8142038475759672, 0.8291619338089571, 0.7656486311426731, 0.7775705965503997, 0.7758409599663634, 0.8139765495670763, 0.7787146451594519, 0.7986567907511268, 0.7614641702885836, 0.7806914315230569, 0.8135561602022399, 0.794508223027318, 0.791634888665594, 0.8087561347104274, 0.8098235371443021, 0.8150164768848198, 0.8233582425250178, 0.8189825936144232, 0.8145840118835475, 0.8122878708466175, 0.8089366827301201, 0.8078776675636188, 0.808685848105875, 0.8078932264323585, 0.8060709923685923, 0.8060709923685923, 0.8083942703763068, 0.8029237712452422, 0.8092905693868397, 0.8060238157347009, 0.8027646907834327, 0.807918684420012, 0.8078542413403306, 0.8059623538998725, 0.8050183486984043, 0.8048496017695717, 0.8058312923840683, 0.8047178442955578]"
0,iemocap_4,atv,50,10,10,5,256,0.1,"[4.988303899765015, 3.7306851148605347, 2.8690396547317505, 2.2866285145282745, 1.91897514462471, 1.7205841541290283, 1.4761642813682556, 1.190627008676529, 1.205179125070572, 0.9112596213817596, 0.957437127828598, 0.7483151704072952, 0.5876784324645996, 0.6247195526957512, 0.447606161236763, 0.3582151383161545, 0.36154791712760925, 0.4333323948085308, 0.37303540483117104, 0.30717484280467033, 0.30658042803406715, 0.24735386297106743, 0.15427576377987862, 0.18027924001216888, 0.09838946349918842, 0.12584093026816845, 0.10375698283314705, 0.08820397686213255, 0.09092094749212265, 0.08989878185093403, 0.10234069637954235, 0.06721347011625767, 0.08396480977535248, 0.07030786667019129, 0.08951553143560886, 0.061623094603419304, 0.1476109204813838, 0.07295678649097681, 0.07361717615276575, 0.10719583835452795, 0.09234975650906563, 0.07129571866244078, 0.05722656659781933, 0.07857470493763685, 0.06971085537225008, 0.07323830667883158, 0.1276785358786583, 0.09613543096929789, 0.06261309795081615, 0.06268964800983667]","[0.580132198263411, 0.6430328122958181, 0.7580492937353462, 0.7585276040242254, 0.8019100503691129, 0.801883633783038, 0.8394182603879276, 0.7698917856702862, 0.7753729453368414, 0.8077938174296803, 0.8275775597301123, 0.8095871417797889, 0.8518006631050785, 0.8485643952551737, 0.8146585060691928, 0.8260299748787793, 0.8169386166179027, 0.819043191850636, 0.8438969633791769, 0.809632680617477, 0.7578932282356754, 0.7835730333445856, 0.8154002688923905, 0.8308508029586842, 0.8334183153081495, 0.8282287306757854, 0.8237654823184312, 0.8285195522696174, 0.8207264646478262, 0.8184631200943752, 0.8193342987226963, 0.821600401184979, 0.8168327731958505, 0.8239416619734466, 0.8239416619734466, 0.8236527359035216, 0.8208477324655543, 0.8233398721080397, 0.8233398721080397, 0.823577666829272, 0.8184194450666786, 0.8184194450666786, 0.8236926773791181, 0.8184194450666786, 0.8236527359035216, 0.8233398721080397, 0.8286239493947457, 0.8263368432907258, 0.8208725962322291, 0.8184559051527589]","[0.6127300492090076, 0.6904432081398911, 0.7549264317458708, 0.7582079664880311, 0.8008936365416572, 0.7943039906884106, 0.803859327180689, 0.7436390500737083, 0.7787233566318268, 0.8058254540652068, 0.8184693041162191, 0.8048439939778698, 0.8441118047195422, 0.8396898660341527, 0.792461999597212, 0.8136255536192968, 0.798340584723991, 0.7840872638355717, 0.7889336321651642, 0.8119383496875078, 0.7766919291343987, 0.8032720453455515, 0.8104170527373892, 0.7956404342404524, 0.798666159467387, 0.7976965569352619, 0.802128886533749, 0.8081324737205107, 0.8141313672628062, 0.8096118124813103, 0.8074689044934692, 0.814943463774128, 0.813957719497791, 0.8182980629313465, 0.81934634510243, 0.821498099388649, 0.8237838506211209, 0.8249548181499898, 0.8260420362106976, 0.8257816625985621, 0.8236390208263751, 0.8236390208263751, 0.8236443946211006, 0.8236443946211006, 0.8204018947796716, 0.8226351416377726, 0.8238028798206966, 0.8236368682854435, 0.8215508575176204, 0.8225595975488544]"
0,iemocap_4,atv,50,10,10,6,256,0.1,"[4.9140385389328, 3.600991725921631, 2.7882111072540283, 2.265080362558365, 1.8417282700538635, 1.7416780591011047, 1.4657754600048065, 1.2296213209629059, 1.2263143956661224, 0.8984116315841675, 0.972858339548111, 0.7679222673177719, 0.658805176615715, 0.6878085806965828, 0.5063094720244408, 0.41843683272600174, 0.5060300901532173, 0.5429693534970284, 0.41276002675294876, 0.37006133794784546, 0.3728858083486557, 0.3482666239142418, 0.19281593337655067, 0.2295380886644125, 0.15787066146731377, 0.18736988306045532, 0.16450128518044949, 0.14311372116208076, 0.1515359077602625, 0.14853503182530403, 0.14971199817955494, 0.10303706862032413, 0.12392996624112129, 0.10589791275560856, 0.14534285105764866, 0.10070113651454449, 0.22349278256297112, 0.11713209003210068, 0.12348250299692154, 0.1798025444149971, 0.1272645927965641, 0.11430698819458485, 0.09692256897687912, 0.11928390711545944, 0.10302711836993694, 0.11369878426194191, 0.1653515100479126, 0.14655347168445587, 0.10644898936152458, 0.10253426991403103]","[0.4941328377504847, 0.6176283904616282, 0.7189497774560998, 0.7587312555288116, 0.7843010109401038, 0.7876306089972397, 0.7676471494668508, 0.7356614170248424, 0.7968985802937013, 0.7628015873015873, 0.8412053811670809, 0.8171904842569003, 0.8322587331528117, 0.8370521912768691, 0.76773561129926, 0.8255014367816093, 0.831381947282084, 0.7962410136793564, 0.8121867522845228, 0.8192725158641526, 0.7972664293738957, 0.7516437774271932, 0.7874591623856084, 0.8109771743807103, 0.8173821237199098, 0.8195777309447213, 0.8210666125795018, 0.8189566789309353, 0.816099425353911, 0.821555867644096, 0.8264576858767956, 0.8239070374676808, 0.8262376289420463, 0.8239070374676808, 0.8239445617327391, 0.8311254701875819, 0.8285731329018479, 0.8285731329018479, 0.8261650564682589, 0.8235127488705509, 0.831049983687613, 0.831049983687613, 0.826213624890514, 0.8285579305757602, 0.826213624890514, 0.826213624890514, 0.8285018512090798, 0.8235971230370172, 0.8259069435820305, 0.826026221583086]","[0.5870994972806194, 0.6837406099015824, 0.7371189766012315, 0.7623709565804347, 0.78039837406876, 0.8103002804519506, 0.792267345596429, 0.7221718184504515, 0.8226809245137128, 0.8012874912620914, 0.8367394827923552, 0.8176925998699996, 0.7986205678164097, 0.8265060500648751, 0.7619517244248789, 0.7691499082759474, 0.7876068270832356, 0.7571288109101939, 0.795754352431653, 0.82228365436588, 0.7648542641855833, 0.7822169448676882, 0.8017946652319078, 0.814532007697028, 0.8167301189041736, 0.8123380987039983, 0.8140687953251272, 0.8108733222183515, 0.811985564106735, 0.8076298741722876, 0.8067099296277224, 0.8142288069401115, 0.8109402244280904, 0.8098016011409755, 0.8073696191644139, 0.8117247167414091, 0.8142250776162521, 0.814257462130683, 0.813118944074207, 0.8140169189950307, 0.8150932400012669, 0.8150932400012669, 0.8129242485007776, 0.811949932871682, 0.8108066318536761, 0.8129242485007776, 0.8140419029650096, 0.8169143369214747, 0.8159979155344774, 0.8129588435100343]"
0,iemocap_4,atv,50,10,10,7,256,0.1,"[4.939189791679382, 3.5153748989105225, 2.699384868144989, 2.1755633652210236, 1.7794829905033112, 1.6309548020362854, 1.3969544172286987, 1.1593209207057953, 1.1429949700832367, 0.8802867233753204, 0.9827679097652435, 0.7305057793855667, 0.619755893945694, 0.7358276471495628, 0.46835045516490936, 0.4141475036740303, 0.4943554997444153, 0.49846601486206055, 0.39400171488523483, 0.3119744844734669, 0.34467688575387, 0.32204074412584305, 0.20841524749994278, 0.22664772905409336, 0.13897611014544964, 0.17907029017806053, 0.14917144551873207, 0.12821531854569912, 0.1465011164546013, 0.13386334851384163, 0.139573959633708, 0.09827330894768238, 0.11102504283189774, 0.09996987320482731, 0.14479693211615086, 0.09514191187918186, 0.22711432725191116, 0.10604219697415829, 0.11762942373752594, 0.17181422375142574, 0.115473547950387, 0.10932978987693787, 0.08980937767773867, 0.11452478729188442, 0.0949993934482336, 0.11216378398239613, 0.15759685263037682, 0.14494465664029121, 0.10115759819746017, 0.09542075544595718]","[0.5724060979926062, 0.6213845255455245, 0.6797347360370191, 0.7225788215837866, 0.7952448181766225, 0.7963409703504043, 0.784003630450617, 0.776900658088158, 0.7773384551914897, 0.7851122334290557, 0.8156149131767109, 0.8307090786858846, 0.8223071151719441, 0.8341780260213256, 0.7580941156468946, 0.769159195720347, 0.8056668357272789, 0.7908327220387557, 0.8069638998238338, 0.8002384853833976, 0.8014422604138147, 0.7696068599938034, 0.7857742836790587, 0.8101356319565474, 0.8221288829045897, 0.8270654798749458, 0.8199276158623985, 0.8177615320850766, 0.8199276158623985, 0.8177789182656522, 0.8129551369665144, 0.8129551369665144, 0.8178766406890895, 0.8203572781924896, 0.8203572781924896, 0.8179040044623569, 0.8176227852560392, 0.817713890946687, 0.817713890946687, 0.8225670216729536, 0.8176227852560392, 0.8199555147288727, 0.8176227852560392, 0.8199555147288727, 0.8202333598573773, 0.8225670216729536, 0.8226528401979372, 0.8225499407434346, 0.8246351174814623, 0.8246351174814623]","[0.572008054241147, 0.7306073111810514, 0.7528360501220741, 0.7423387263624366, 0.8086146793540818, 0.8083654818293802, 0.8063334594501418, 0.7791660930487481, 0.8005238902492914, 0.8121262649257392, 0.8398034467276486, 0.8179331160128043, 0.8156280972536497, 0.8477131039844603, 0.7606220277706198, 0.7609681668426153, 0.7910584147469596, 0.7954054466997427, 0.8019668796164224, 0.8176966110062296, 0.781594494290074, 0.7870760757548696, 0.7964825072935134, 0.810514411498563, 0.8203952118252529, 0.8133562831363422, 0.8095219662089574, 0.8074796917525278, 0.8093342045159065, 0.8020501869846687, 0.7998775655450056, 0.8032810065428921, 0.8009383873520467, 0.8008222202881227, 0.8006468709034719, 0.8042342698315317, 0.8065267118674095, 0.8064991585392918, 0.8064991585392918, 0.811707999587487, 0.8106419653221685, 0.8137243410941195, 0.8086107422673798, 0.8135724741935881, 0.8082298533549345, 0.8096578830610327, 0.8105783104031571, 0.8103209833164369, 0.8158579329173069, 0.8136347165506993]"
0,iemocap_4,atv,50,10,10,8,256,0.1,"[4.9474265575408936, 3.5584364533424377, 2.762138545513153, 2.2241158485412598, 1.8127455115318298, 1.635968953371048, 1.3811460733413696, 1.1409428417682648, 1.1398166418075562, 0.8608535081148148, 0.9211035072803497, 0.7277005314826965, 0.5790835022926331, 0.6862332001328468, 0.4151533171534538, 0.3705640733242035, 0.457547590136528, 0.5485994406044483, 0.3724720999598503, 0.3441966772079468, 0.36638637259602547, 0.3220871426165104, 0.1975136585533619, 0.22467022389173508, 0.14343096502125263, 0.1873847246170044, 0.14541543275117874, 0.12837478145956993, 0.1561541948467493, 0.1418962962925434, 0.1390558946877718, 0.09896416962146759, 0.11707386374473572, 0.0978513602167368, 0.1381843127310276, 0.09737980552017689, 0.23183082975447178, 0.10506627894937992, 0.12301561422646046, 0.16845699213445187, 0.11825321987271309, 0.10530728287994862, 0.08681276068091393, 0.11208315752446651, 0.09783645905554295, 0.11319569684565067, 0.1545344702899456, 0.13941892236471176, 0.10612082853913307, 0.09358258731663227]","[0.5196391306349863, 0.5376476464525624, 0.6552342225620549, 0.7538809719624839, 0.796351975027401, 0.8153982019679531, 0.8120977401888498, 0.8223283275706589, 0.7854420065574055, 0.8046249524071579, 0.8321286898739528, 0.8300337789563725, 0.8427843919565912, 0.8473734695230049, 0.7726041686299342, 0.8020232909636416, 0.8132047889232332, 0.8153630711002973, 0.7990328583209696, 0.8189944746841944, 0.8153808934876896, 0.7596460876605668, 0.7752230793919955, 0.8018735771490347, 0.813821002530911, 0.8134402190583367, 0.8266356685718488, 0.8242466812380923, 0.8216550387002459, 0.8172974400286431, 0.8127170000136624, 0.8127170000136624, 0.8127170000136624, 0.8127170000136624, 0.8123546673232657, 0.8149078712649681, 0.8148161271690927, 0.8124911091534934, 0.8124911091534934, 0.8097994000432942, 0.8146713019949945, 0.8146713019949945, 0.8172355641467035, 0.814723689829151, 0.8145240446914704, 0.8172355641467035, 0.8122804112489268, 0.8149074837690296, 0.8147485747922357, 0.8172355641467035]","[0.5938777254494287, 0.6606189852239238, 0.7528075278422102, 0.756657526568794, 0.7984641950534188, 0.8072901543708835, 0.8138666755323907, 0.7810214214874237, 0.7858999078668072, 0.8000972276516275, 0.8308131073401096, 0.8038462445424442, 0.823755592446822, 0.8278349139638294, 0.7577881990701194, 0.7823663134920649, 0.7850229345585686, 0.7740674205226614, 0.7697682504464686, 0.7902903874813775, 0.7673397254086209, 0.7699588360850589, 0.7860826834462089, 0.7993211476001242, 0.8067787404917186, 0.8017042886009623, 0.8038905129136896, 0.8018441406618803, 0.8038306663373807, 0.799768713601794, 0.792270923250774, 0.7976802370978566, 0.7998633111490651, 0.7998451584745673, 0.7985157706456103, 0.7985759595209203, 0.8018892381458734, 0.7998527506328004, 0.8008672912773113, 0.8062448780581676, 0.8040268415151163, 0.8040268415151163, 0.8071889112061649, 0.8018183053257169, 0.8005811242503704, 0.8071889112061649, 0.8030801804158494, 0.8039933488509483, 0.8040256903668062, 0.805086238281402]"
0,iemocap,atv,50,4,4,2,128,0.1,"[6.869894742965698, 5.843238353729248, 5.141489267349243, 4.602494597434998, 4.32527232170105, 4.081351697444916, 3.756342887878418, 3.42040354013443, 3.200676739215851, 3.1521942019462585, 2.993741750717163, 2.722070872783661, 2.598201036453247, 2.4391883611679077, 2.2854177951812744, 2.2269150018692017, 2.011496424674988, 1.941275954246521, 1.6868180334568024, 1.615187406539917, 1.498528152704239, 1.4070817232131958, 1.2916031777858734, 1.155389815568924, 1.0249631255865097, 0.9204563796520233, 1.1032763719558716, 0.9850827604532242, 0.751756340265274, 0.8874730914831161, 0.590786412358284, 0.5911368280649185, 0.6216983497142792, 0.6241616755723953, 0.5691494643688202, 0.4931226596236229, 0.48486362397670746, 0.4929966554045677, 0.463226281106472, 0.4920370951294899, 0.4475899115204811, 0.492999367415905, 0.43029405176639557, 0.511394128203392, 0.5091098546981812, 0.4400754049420357, 0.48017940670251846, 0.45761028677225113, 0.4473712518811226, 0.5325287953019142]","[0.17376377948640415, 0.38160255676649785, 0.43861867839580215, 0.4849236685221168, 0.5356229855788708, 0.5419878809603708, 0.5641736034777769, 0.6179121889828012, 0.578818187445127, 0.5996143295876714, 0.6436199342825849, 0.6346640673475668, 0.6147688213627003, 0.6731199216685947, 0.6584517230947844, 0.6813871169097035, 0.6933312977188579, 0.7147722432660266, 0.6653255255387714, 0.6821516407653873, 0.6622779017950947, 0.6781659175098961, 0.675440398511417, 0.6741796891164877, 0.6536947595702682, 0.6868660039616825, 0.672207061543307, 0.65238303915335, 0.6539298078991681, 0.6678780999592345, 0.6823752836757639, 0.6867347290159811, 0.6875609857569949, 0.6947023157834536, 0.6776677616582943, 0.6720396079300791, 0.6682161596061627, 0.6678918387259697, 0.6775488663581749, 0.6810416716822397, 0.6865188020628339, 0.6865188020628339, 0.6862881337197315, 0.6878063864577765, 0.6880561865979558, 0.6852884148289283, 0.6852884148289283, 0.685229185417405, 0.6851505479315856, 0.6867074609989933]","[0.20339571413914329, 0.3826445909503976, 0.4774401808203936, 0.5152156519344679, 0.5979173692094001, 0.5853727149876057, 0.6103147728379039, 0.5977956702120198, 0.6147250261159202, 0.5947370479751346, 0.6151363632687327, 0.6433174156583077, 0.6259512239143269, 0.6276010166988026, 0.6306511543362668, 0.6310773816782669, 0.6408462205219696, 0.6589119005255974, 0.6101132916358547, 0.6102448375584055, 0.6207022221788355, 0.6305828671643356, 0.6350200807939488, 0.6326934226139513, 0.6264785524690447, 0.6110014191726533, 0.6232003023103971, 0.6233168123503149, 0.5940522567641738, 0.612979965511016, 0.6371955093882262, 0.6428799436634749, 0.6371872870188279, 0.6363864505101682, 0.6285956340755013, 0.6303048937879121, 0.6320218407525433, 0.6310858144010796, 0.6270835220440012, 0.6289023123163808, 0.6301100308941668, 0.6300457798037495, 0.6319501811670778, 0.6337484891922658, 0.6330938918972376, 0.6313176140420647, 0.6312315138524187, 0.6298943581047803, 0.6317885176110614, 0.6323535493048449]"
0,iemocap,atv,50,4,4,3,128,0.1,"[6.867241978645325, 5.952126979827881, 5.31245756149292, 4.78556752204895, 4.404060363769531, 4.082525968551636, 3.7226037979125977, 3.426124691963196, 3.176682233810425, 3.056456744670868, 2.892510771751404, 2.7704038619995117, 2.636783480644226, 2.4404165744781494, 2.2834643721580505, 2.1441981196403503, 1.9207179546356201, 1.865492343902588, 1.667146921157837, 1.545842558145523, 1.4347037971019745, 1.3587051331996918, 1.1846855878829956, 1.0944518148899078, 1.0570355951786041, 0.952839806675911, 1.1399129629135132, 0.9672540128231049, 0.7796625792980194, 0.8335976749658585, 0.6131226420402527, 0.622850313782692, 0.6397130489349365, 0.6242755800485611, 0.6002563089132309, 0.5124196708202362, 0.5088924542069435, 0.48247312009334564, 0.4831051751971245, 0.5030670315027237, 0.4472930356860161, 0.48705124109983444, 0.4409060478210449, 0.49440885335206985, 0.5090573281049728, 0.46219098567962646, 0.479058600962162, 0.47357866168022156, 0.45820067822933197, 0.5245691612362862]","[0.10555990301106485, 0.4489628330158219, 0.4148535576114249, 0.4946990259683929, 0.5166022539316993, 0.5212047191107623, 0.618920051966907, 0.5936059424593795, 0.5717783651513739, 0.5631793585346603, 0.5146584392491217, 0.569996754678099, 0.5775816940545073, 0.6288829490025092, 0.635408666717004, 0.6647694524716278, 0.6694265678248209, 0.7088861220010804, 0.6626346655347659, 0.6904241972585313, 0.6370057314875108, 0.6885227186010456, 0.6494136471091907, 0.6878799750061005, 0.6456219182866937, 0.655014988392955, 0.6637033216251004, 0.6750421535134404, 0.6596672006400054, 0.6678588217329859, 0.6729109525333987, 0.6784362678493757, 0.6798961345254496, 0.6857474938876913, 0.6769666493628214, 0.6733856590673185, 0.6669503724771061, 0.6679612806943954, 0.6671855691028438, 0.6744857237456465, 0.6730611722080199, 0.6728914795419254, 0.6714224781076411, 0.672736945408999, 0.6668799067786539, 0.6654095492198232, 0.6668799067786539, 0.6681593025210661, 0.6694998848509773, 0.669875853979981]","[0.1690562048216971, 0.4920565700859531, 0.5001136198113536, 0.5555571199526259, 0.5625591484116687, 0.5842189700923784, 0.5948274389696997, 0.611105756391258, 0.6323778816457112, 0.5950670969790913, 0.6034118089194181, 0.6166378819274931, 0.6404309709091658, 0.634042672809107, 0.6446253627416788, 0.6528738755056913, 0.6548243148994046, 0.6753611477940246, 0.6465840207212327, 0.6567102509581063, 0.6378961320442602, 0.6558936280670314, 0.6525429897011548, 0.6632743425884643, 0.6291586668136221, 0.6039657724426306, 0.6344170606825799, 0.6217968841863435, 0.6251933834010835, 0.6317243328504782, 0.6352019843824694, 0.6320881985215421, 0.6351226301256959, 0.6354777102117654, 0.6372396028621459, 0.6348117498795689, 0.6254968253373906, 0.6276072820504865, 0.6278207736083101, 0.633854469377623, 0.6337962643378973, 0.6343736238951984, 0.63504806125866, 0.6368479659750268, 0.6361195215936957, 0.6379365201750389, 0.6385694670241189, 0.639726799807053, 0.639726799807053, 0.6402569070655264]"
0,iemocap,atv,50,4,4,4,128,0.1,"[6.936574339866638, 6.041331648826599, 5.345207929611206, 4.78899073600769, 4.438456058502197, 4.119319558143616, 3.7566604614257812, 3.4161253571510315, 3.197011113166809, 3.087260365486145, 2.898221492767334, 2.742843985557556, 2.5812028646469116, 2.596280336380005, 2.286580502986908, 2.2576639652252197, 1.964367687702179, 1.9071232080459595, 1.7003817558288574, 1.6634192764759064, 1.4798016846179962, 1.3653210997581482, 1.248636931180954, 1.1228172183036804, 1.003161147236824, 0.8871145099401474, 1.0458463728427887, 0.8808828890323639, 0.6758285611867905, 0.7137539088726044, 0.5949846506118774, 0.5999681651592255, 0.6110685616731644, 0.6063665002584457, 0.5870015770196915, 0.5155577957630157, 0.5086884573101997, 0.4894954040646553, 0.5025344640016556, 0.5081706047058105, 0.46005501598119736, 0.5084931999444962, 0.46460822969675064, 0.5318220406770706, 0.5256209149956703, 0.47856007516384125, 0.5059343576431274, 0.5062188878655434, 0.4784650206565857, 0.5483484193682671]","[0.23735434639741923, 0.4090467768332996, 0.43161377340513685, 0.5036299863793952, 0.5177982034954398, 0.5232244597795218, 0.5439619677641581, 0.5580923891096099, 0.5355392073015864, 0.5585215971647579, 0.5410752662248698, 0.5563513791871111, 0.5345524562818103, 0.6153639073731659, 0.6595188752903711, 0.6315786057236981, 0.7087500279479374, 0.6992181099796704, 0.6927421249876933, 0.6908420611942916, 0.7028676142032456, 0.6961892647803668, 0.7098129044715235, 0.7025858993504731, 0.7087188252171532, 0.6634285146217722, 0.6826907731091134, 0.6210448764465082, 0.651251632925249, 0.681991775980107, 0.6917117617441569, 0.6871250506695329, 0.6781635235329949, 0.6749841720992616, 0.676470571717324, 0.6804055500279409, 0.6826163647256582, 0.6808127473165904, 0.6835136450329132, 0.6852969636253665, 0.6815365376603363, 0.6860110415707812, 0.6800698157579269, 0.6846396553890621, 0.6788130314004124, 0.6788557159985447, 0.6805144810564491, 0.6803405695368182, 0.6816697469748358, 0.6832198945401308]","[0.29450489958781606, 0.4667788990769005, 0.4794742466577154, 0.49435830961934, 0.5677037814634248, 0.5996472200962347, 0.5775254147575827, 0.6157330050048768, 0.5938727290002702, 0.6025559589592955, 0.5860519628417196, 0.5644501159766689, 0.554827947525092, 0.6369204401447692, 0.6484626555257638, 0.6398518282638426, 0.6735689658420411, 0.6616627205481392, 0.6316501795832585, 0.6458207552773088, 0.6565522437408661, 0.6512316580980398, 0.6585150460729748, 0.6369508711138635, 0.6459296771355967, 0.5950387843731982, 0.6669535037600199, 0.6362032094150757, 0.6376520407970597, 0.6416340526166038, 0.6446822820595287, 0.6393064486847504, 0.6387243439810913, 0.6341421155891784, 0.6364753095845426, 0.6319066213869653, 0.6341457484499384, 0.632017183042416, 0.6313614701502291, 0.6324188901389104, 0.6344835767517608, 0.6339021478897625, 0.6343104530172882, 0.6349275341129845, 0.6354362525490076, 0.6349308447829318, 0.637145837613071, 0.6360192260838395, 0.6370950529408512, 0.6354982651962843]"
